EIS flare times,EIS filename,Start Time,Peak Time,End Time,Class,hpc x,hpc y,study_durations
2011-01-07 13:34:21,eis_l0_20110107_133421.fits.gz,2011-01-07 15:12:00.000,2011-01-07 15:20:00.000,2011-01-07 15:34:00.000,B5.1,0.0,63.7716,17428.782
2011-01-04 23:35:19,eis_l0_20110104_233519.fits.gz,2011-01-04 23:39:00.000,2011-01-04 23:45:00.000,2011-01-04 23:51:00.000,B4.2,0.0,58.71282,7795.793
2011-01-12 19:58:51,eis_l0_20110112_195851.fits.gz,2011-01-12 21:19:00.000,2011-01-12 21:41:00.000,2011-01-12 22:05:00.000,B1.6,0.0,73.3704,16339.483
2011-01-26 13:03:13,eis_l0_20110126_130313.fits.gz,2011-01-26 15:14:00.000,2011-01-26 15:18:00.000,2011-01-26 15:21:00.000,B2.0,0.0,95.1408,17381.125
2011-01-26 06:15:40,eis_l0_20110126_061540.fits.gz,2011-01-26 06:51:00.000,2011-01-26 06:57:00.000,2011-01-26 07:06:00.000,B1.8,0.0,94.6554,4050.0
2011-01-26 08:45:40,eis_l0_20110126_084540.fits.gz,2011-01-26 08:54:00.000,2011-01-26 08:57:00.000,2011-01-26 08:59:00.000,B1.1,0.0,94.7742,3750.0
2011-01-27 19:58:53,eis_l0_20110127_195853.fits.gz,2011-01-27 19:50:00.000,2011-01-27 20:03:00.000,2011-01-27 20:19:00.000,C1.5,0.0,96.7698,3897.897
2011-01-27 09:55:40,eis_l0_20110127_095540.fits.gz,2011-01-27 11:05:00.000,2011-01-27 11:16:00.000,2011-01-27 11:22:00.000,B1.6,0.0,96.276,16339.483
2011-01-22 09:47:14,eis_l0_20110122_094714.fits.gz,2011-01-22 11:32:00.000,2011-01-22 11:38:00.000,2011-01-22 11:47:00.000,B3.7,0.0,89.124,7795.793
2011-01-22 00:36:57,eis_l0_20110122_003657.fits.gz,2011-01-22 01:09:00.000,2011-01-22 01:14:00.000,2011-01-22 01:26:00.000,B1.7,0.0,88.4682,7972.821
2011-01-21 09:26:07,eis_l0_20110121_092607.fits.gz,2011-01-21 09:51:00.000,2011-01-21 09:57:00.000,2011-01-21 10:12:00.000,B4.5,0.0,87.4914,7795.793
2011-01-21 13:39:54,eis_l0_20110121_133954.fits.gz,2011-01-21 14:24:00.000,2011-01-21 14:38:00.000,2011-01-21 14:49:00.000,C1.4,0.0,87.783,3897.897
2011-01-17 09:48:25,eis_l0_20110117_094825.fits.gz,2011-01-17 09:40:00.000,2011-01-17 09:44:00.000,2011-01-17 09:57:00.000,B1.5,0.0,81.0906,308.0
2011-01-17 18:43:57,eis_l0_20110117_184357.fits.gz,2011-01-17 18:35:00.000,2011-01-17 18:56:00.000,2011-01-17 19:09:00.000,B1.7,0.0,81.7026,308.0
2011-01-14 02:11:41,eis_l0_20110114_021141.fits.gz,2011-01-14 01:28:00.000,2011-01-14 03:30:00.000,2011-01-14 04:38:00.000,C1.6,0.0,75.4254,324.825
2011-01-14 22:10:01,eis_l0_20110114_221001.fits.gz,2011-01-14 22:37:00.000,2011-01-14 22:58:00.000,2011-01-14 23:18:00.000,B1.8,0.0,76.947,16339.483
2011-01-14 01:41:41,eis_l0_20110114_014141.fits.gz,2011-01-14 01:28:00.000,2011-01-14 03:30:00.000,2011-01-14 04:38:00.000,C1.6,0.0,75.4254,324.825
2011-01-14 01:56:41,eis_l0_20110114_015641.fits.gz,2011-01-14 01:28:00.000,2011-01-14 03:30:00.000,2011-01-14 04:38:00.000,C1.6,0.0,75.4254,324.825
2011-01-14 00:08:41,eis_l0_20110114_000841.fits.gz,2011-01-13 23:47:00.000,2011-01-14 00:06:00.000,2011-01-14 00:22:00.000,B2.3,0.0,75.3036,324.825
2011-01-15 12:21:11,eis_l0_20110115_122111.fits.gz,2011-01-15 12:22:00.000,2011-01-15 12:25:00.000,2011-01-15 12:29:00.000,B2.2,0.0,77.9256,308.0
2011-01-30 18:35:40,eis_l0_20110130_183540.fits.gz,2011-01-30 17:55:00.000,2011-01-30 18:36:00.000,2011-01-30 19:09:00.000,B2.3,0.0,100.5708,7795.793
2011-01-31 23:52:25,eis_l0_20110131_235225.fits.gz,2011-02-01 00:09:00.000,2011-02-01 00:13:00.000,2011-02-01 00:17:00.000,B3.0,0.0,102.1254,7795.793
2011-02-01 23:13:34,eis_l0_20110201_231334.fits.gz,2011-02-01 23:06:00.000,2011-02-01 23:42:00.000,2011-02-01 23:58:00.000,B4.5,0.0,103.2702,324.825
2011-02-01 23:48:21,eis_l0_20110201_234821.fits.gz,2011-02-01 23:06:00.000,2011-02-01 23:42:00.000,2011-02-01 23:58:00.000,B4.5,0.0,103.2702,16339.483
2011-02-01 23:28:34,eis_l0_20110201_232834.fits.gz,2011-02-01 23:06:00.000,2011-02-01 23:42:00.000,2011-02-01 23:58:00.000,B4.5,0.0,103.2702,324.825
2011-02-04 02:06:41,eis_l0_20110204_020641.fits.gz,2011-02-04 03:59:00.000,2011-02-04 04:10:00.000,2011-02-04 04:15:00.000,B1.1,0.0,105.792,7795.793
2011-02-02 10:25:20,eis_l0_20110202_102520.fits.gz,2011-02-02 10:20:00.000,2011-02-02 10:29:00.000,2011-02-02 10:36:00.000,B2.0,0.0,103.8192,639.825
2011-02-04 18:31:06,eis_l0_20110204_183106.fits.gz,2011-02-04 19:30:00.000,2011-02-04 19:39:00.000,2011-02-04 19:48:00.000,B6.9,16.31034,-182.1966,3535.0
2011-02-04 10:23:01,eis_l0_20110204_102301.fits.gz,2011-02-04 12:13:00.000,2011-02-04 12:20:00.000,2011-02-04 12:26:00.000,B9.5,0.0,106.1694,17428.782
2011-02-07 12:53:21,eis_l0_20110207_125321.fits.gz,2011-02-07 13:31:00.000,2011-02-07 13:35:00.000,2011-02-07 13:37:00.000,B1.9,0.0,109.353,10039.483
2011-02-11 22:38:56,eis_l0_20110211_223856.fits.gz,2011-02-11 23:05:00.000,2011-02-11 23:12:00.000,2011-02-11 23:19:00.000,B9.6,0.0,113.3574,7677.897
2011-02-12 14:30:19,eis_l0_20110212_143019.fits.gz,2011-02-12 14:30:00.000,2011-02-12 15:06:00.000,2011-02-12 15:21:00.000,C2.6,0.0,113.8836,7795.793
2011-02-14 12:07:44,eis_l0_20110214_120744.fits.gz,2011-02-14 11:51:00.000,2011-02-14 12:00:00.000,2011-02-14 12:26:00.000,C1.7,0.0,115.3434,308.0
2011-02-15 19:31:13,eis_l0_20110215_193113.fits.gz,2011-02-15 19:30:00.000,2011-02-15 20:33:00.000,2011-02-15 20:53:00.000,C6.6,328.359,-229.1394,308.0
2011-02-18 04:42:25,eis_l0_20110218_044225.fits.gz,2011-02-18 04:44:00.000,2011-02-18 04:51:00.000,2011-02-18 05:01:00.000,C4.0,0.0,117.8208,308.0
2011-02-19 16:25:11,eis_l0_20110219_162511.fits.gz,2011-02-19 16:26:00.000,2011-02-19 16:30:00.000,2011-02-19 16:32:00.000,C1.9,0.0,118.6704,308.0
2011-02-24 00:02:19,eis_l0_20110224_000219.fits.gz,2011-02-24 02:49:00.000,2011-02-24 02:53:00.000,2011-02-24 02:57:00.000,B3.9,0.0,120.7074,12347.513
2011-02-26 00:05:19,eis_l0_20110226_000519.fits.gz,2011-02-26 00:07:00.000,2011-02-26 00:10:00.000,2011-02-26 00:12:00.000,B4.3,0.0,121.3482,9842.989
2011-02-25 09:39:48,eis_l0_20110225_093948.fits.gz,2011-02-25 10:53:00.000,2011-02-25 10:58:00.000,2011-02-25 11:07:00.000,B6.2,0.0,121.1748,9842.989
2011-02-28 05:22:01,eis_l0_20110228_052201.fits.gz,2011-02-28 05:24:00.000,2011-02-28 05:33:00.000,2011-02-28 05:40:00.000,C1.7,0.0,121.9284,308.0
2011-02-28 06:44:02,eis_l0_20110228_064402.fits.gz,2011-02-28 06:30:00.000,2011-02-28 06:38:00.000,2011-02-28 06:49:00.000,C1.1,0.0,121.9386,308.0
2011-02-28 09:39:39,eis_l0_20110228_093939.fits.gz,2011-02-28 09:38:00.000,2011-02-28 09:52:00.000,2011-02-28 10:03:00.000,C1.5,0.0,121.9668,308.0
2011-02-28 04:23:19,eis_l0_20110228_042319.fits.gz,2011-02-28 04:17:00.000,2011-02-28 04:28:00.000,2011-02-28 04:34:00.000,B7.9,0.0,121.9182,308.0
2011-02-28 02:15:12,eis_l0_20110228_021512.fits.gz,2011-02-28 02:10:00.000,2011-02-28 02:14:00.000,2011-02-28 02:18:00.000,B5.0,0.0,121.899,600.0
2011-02-28 01:50:56,eis_l0_20110228_015056.fits.gz,2011-02-28 01:44:00.000,2011-02-28 01:50:00.000,2011-02-28 01:55:00.000,B5.0,0.0,121.8948,308.0
2011-02-28 06:21:12,eis_l0_20110228_062112.fits.gz,2011-02-28 06:30:00.000,2011-02-28 06:38:00.000,2011-02-28 06:49:00.000,C1.1,0.0,121.9386,600.0
2011-02-28 10:27:12,eis_l0_20110228_102712.fits.gz,2011-02-28 10:25:00.000,2011-02-28 10:29:00.000,2011-02-28 10:37:00.000,B5.5,0.0,121.9734,600.0
2011-02-27 14:43:20,eis_l0_20110227_144320.fits.gz,2011-02-27 14:30:00.000,2011-02-27 14:42:00.000,2011-02-27 14:49:00.000,B6.1,-705.66,486.2556,308.0
2011-03-01 18:02:13,eis_l0_20110301_180213.fits.gz,2011-03-01 18:06:00.000,2011-03-01 18:19:00.000,2011-03-01 18:26:00.000,C1.0,0.0,122.2194,639.825
2011-03-01 14:28:20,eis_l0_20110301_142820.fits.gz,2011-03-01 14:35:00.000,2011-03-01 14:38:00.000,2011-03-01 14:40:00.000,C1.1,0.0,122.1954,639.825
2011-03-01 19:29:20,eis_l0_20110301_192920.fits.gz,2011-03-01 19:34:00.000,2011-03-01 19:57:00.000,2011-03-01 20:17:00.000,C1.6,0.0,122.2296,639.825
2011-03-01 16:15:50,eis_l0_20110301_161550.fits.gz,2011-03-01 16:25:00.000,2011-03-01 16:47:00.000,2011-03-01 16:59:00.000,C1.0,0.0,122.208,639.825
2011-03-03 13:51:27,eis_l0_20110303_135127.fits.gz,2011-03-03 14:12:00.000,2011-03-03 14:20:00.000,2011-03-03 14:31:00.000,C5.4,0.0,122.4522,9842.989
2011-03-06 10:36:40,eis_l0_20110306_103640.fits.gz,2011-03-06 10:31:00.000,2011-03-06 10:40:00.000,2011-03-06 10:55:00.000,C7.5,0.0,122.5602,17428.782
2011-03-05 09:50:14,eis_l0_20110305_095014.fits.gz,2011-03-05 10:13:00.000,2011-03-05 10:17:00.000,2011-03-05 10:21:00.000,C1.4,0.0,122.5566,9842.989
2011-03-05 21:11:56,eis_l0_20110305_211156.fits.gz,2011-03-05 20:51:00.000,2011-03-05 21:44:00.000,2011-03-05 21:53:00.000,C2.9,0.0,122.5632,1992.269
2011-03-11 02:23:29,eis_l0_20110311_022329.fits.gz,2011-03-11 02:24:00.000,2011-03-11 02:29:00.000,2011-03-11 02:36:00.000,C2.8,0.0,122.0808,308.0
2011-03-11 09:57:19,eis_l0_20110311_095719.fits.gz,2011-03-11 11:10:00.000,2011-03-11 11:15:00.000,2011-03-11 11:22:00.000,C2.0,522.6624,235.0398,17428.782
2011-03-08 20:15:29,eis_l0_20110308_201529.fits.gz,2011-03-08 19:46:00.000,2011-03-08 20:16:00.000,2011-03-08 21:19:00.000,M1.4,0.0,122.4168,308.0
2011-03-10 01:20:56,eis_l0_20110310_012056.fits.gz,2011-03-10 03:50:00.000,2011-03-10 03:58:00.000,2011-03-10 04:17:00.000,C2.9,0.0,122.2428,9842.989
2011-03-23 23:34:17,eis_l0_20110323_233417.fits.gz,2011-03-24 00:52:00.000,2011-03-24 00:56:00.000,2011-03-24 00:58:00.000,B5.7,0.0,116.5782,13583.69
2011-03-14 08:04:50,eis_l0_20110314_080450.fits.gz,2011-03-14 08:07:00.000,2011-03-14 08:15:00.000,2011-03-14 08:25:00.000,C1.4,0.0,121.2726,308.0
2011-03-14 05:03:49,eis_l0_20110314_050349.fits.gz,2011-03-14 05:04:00.000,2011-03-14 05:08:00.000,2011-03-14 05:13:00.000,C1.0,0.0,121.3116,308.0
2011-03-19 15:34:09,eis_l0_20110319_153409.fits.gz,2011-03-19 16:21:00.000,2011-03-19 16:34:00.000,2011-03-19 16:52:00.000,B2.7,0.0,119.1012,3897.897
2011-03-28 11:26:51,eis_l0_20110328_112651.fits.gz,2011-03-28 11:30:00.000,2011-03-28 11:39:00.000,2011-03-28 11:46:00.000,C1.4,0.0,113.3316,344.474
2011-03-26 23:02:39,eis_l0_20110326_230239.fits.gz,2011-03-27 00:06:00.000,2011-03-27 00:14:00.000,2011-03-27 00:20:00.000,C3.1,-196.3836,-89.8302,7795.793
2011-03-26 11:00:27,eis_l0_20110326_110027.fits.gz,2011-03-26 14:42:00.000,2011-03-26 14:45:00.000,2011-03-26 14:47:00.000,B6.6,-360.7542,-179.2794,17428.782
2011-03-24 23:25:14,eis_l0_20110324_232514.fits.gz,2011-03-25 00:38:00.000,2011-03-25 00:42:00.000,2011-03-25 00:45:00.000,C1.0,0.0,115.9122,7795.793
2011-03-24 11:00:27,eis_l0_20110324_110027.fits.gz,2011-03-24 11:08:00.000,2011-03-24 11:20:00.000,2011-03-24 11:25:00.000,B5.8,0.0,116.2944,17428.782
2011-03-25 22:27:10,eis_l0_20110325_222710.fits.gz,2011-03-25 23:08:00.000,2011-03-25 23:22:00.000,2011-03-25 23:30:00.000,M1.0,0.0,115.2516,7795.793
2011-03-21 09:40:38,eis_l0_20110321_094038.fits.gz,2011-03-21 11:45:00.000,2011-03-21 11:47:00.000,2011-03-21 11:50:00.000,C2.6,0.0,118.134,7795.793
2011-03-30 10:16:27,eis_l0_20110330_101627.fits.gz,2011-03-30 11:38:00.000,2011-03-30 11:49:00.000,2011-03-30 12:06:00.000,B9.0,0.0,111.6516,7795.793
2011-03-31 15:00:12,eis_l0_20110331_150012.fits.gz,2011-03-31 15:26:00.000,2011-03-31 15:35:00.000,2011-03-31 15:46:00.000,C2.6,0.0,110.622,2677.196
2011-04-11 23:37:31,eis_l0_20110411_233731.fits.gz,2011-04-11 23:40:00.000,2011-04-11 00:00:00.000,2011-04-12 00:03:00.000,C2.5,-397.1442,285.8538,344.474
2011-04-11 13:23:00,eis_l0_20110411_132300.fits.gz,2011-04-11 12:49:00.000,2011-04-11 13:10:00.000,2011-04-11 13:26:00.000,B7.2,0.0,98.937,3897.897
2011-04-11 10:58:48,eis_l0_20110411_105848.fits.gz,2011-04-11 12:49:00.000,2011-04-11 13:10:00.000,2011-04-11 13:26:00.000,B7.2,0.0,98.937,7795.793
2011-04-13 13:20:33,eis_l0_20110413_132033.fits.gz,2011-04-13 13:12:00.000,2011-04-13 13:43:00.000,2011-04-13 13:49:00.000,C2.5,-889.068,272.1528,7677.897
2011-04-15 02:30:26,eis_l0_20110415_023026.fits.gz,2011-04-15 02:43:00.000,2011-04-15 02:47:00.000,2011-04-15 02:52:00.000,B8.8,240.0186,335.2842,3897.897
2011-04-18 04:04:05,eis_l0_20110418_040405.fits.gz,2011-04-18 03:32:00.000,2011-04-18 03:48:00.000,2011-04-18 04:16:00.000,C1.8,0.0,90.2178,308.0
2011-04-20 21:15:13,eis_l0_20110420_211513.fits.gz,2011-04-20 23:02:00.000,2011-04-20 23:16:00.000,2011-04-20 23:21:00.000,B8.9,0.0,86.1744,12347.513
2011-04-22 05:01:07,eis_l0_20110422_050107.fits.gz,2011-04-22 04:35:00.000,2011-04-22 04:57:00.000,2011-04-22 05:14:00.000,M1.8,-620.964,-236.1042,344.474
2011-04-22 10:00:42,eis_l0_20110422_100042.fits.gz,2011-04-22 11:07:00.000,2011-04-22 11:25:00.000,2011-04-22 11:37:00.000,C7.7,-541.0848,-197.7342,17428.782
2011-04-22 07:46:33,eis_l0_20110422_074633.fits.gz,2011-04-22 08:04:00.000,2011-04-22 08:09:00.000,2011-04-22 08:12:00.000,C2.5,-597.3858,-234.4074,7795.793
2011-04-25 00:25:26,eis_l0_20110425_002526.fits.gz,2011-04-25 02:33:00.000,2011-04-25 03:22:00.000,2011-04-25 03:56:00.000,B8.7,0.0,79.8786,7795.793
2011-04-25 02:33:02,eis_l0_20110425_023302.fits.gz,2011-04-25 02:33:00.000,2011-04-25 03:22:00.000,2011-04-25 03:56:00.000,B8.7,0.0,79.8786,3897.897
2011-04-23 10:22:41,eis_l0_20110423_102241.fits.gz,2011-04-23 10:28:00.000,2011-04-23 10:32:00.000,2011-04-23 10:36:00.000,B5.5,-389.1042,-191.2224,17428.782
2011-04-29 00:00:41,eis_l0_20110429_000041.fits.gz,2011-04-29 00:17:00.000,2011-04-29 00:26:00.000,2011-04-29 00:33:00.000,C3.8,0.0,73.611,7795.793
2011-04-28 11:49:24,eis_l0_20110428_114924.fits.gz,2011-04-28 11:51:00.000,2011-04-28 11:58:00.000,2011-04-28 12:03:00.000,C2.4,0.0,74.46,200.0
2011-04-30 12:02:14,eis_l0_20110430_120214.fits.gz,2011-04-30 12:19:00.000,2011-04-30 12:28:00.000,2011-04-30 12:42:00.000,C1.0,0.0,71.1216,7972.821
2011-05-04 10:51:14,eis_l0_20110504_105114.fits.gz,2011-05-04 10:56:00.000,2011-05-04 11:04:00.000,2011-05-04 11:11:00.000,B4.5,0.0,64.3902,7795.793
2011-05-02 09:56:12,eis_l0_20110502_095612.fits.gz,2011-05-02 09:50:00.000,2011-05-02 09:57:00.000,2011-05-02 10:03:00.000,B5.8,0.0,67.917,200.0
2011-05-03 18:47:21,eis_l0_20110503_184721.fits.gz,2011-05-03 18:44:00.000,2011-05-03 18:48:00.000,2011-05-03 18:57:00.000,B4.1,-486.3432,315.9414,639.825
2011-05-03 10:39:57,eis_l0_20110503_103957.fits.gz,2011-05-03 10:47:00.000,2011-05-03 10:52:00.000,2011-05-03 10:56:00.000,C1.3,0.0,66.1338,639.825
2011-05-09 11:45:28,eis_l0_20110509_114528.fits.gz,2011-05-09 13:19:00.000,2011-05-09 13:25:00.000,2011-05-09 13:47:00.000,B7.1,-231.9876,375.8652,7795.793
2011-05-11 00:26:50,eis_l0_20110511_002650.fits.gz,2011-05-11 02:23:00.000,2011-05-11 02:43:00.000,2011-05-11 03:23:00.000,B8.1,0.0,52.48344,7795.793
2011-05-14 00:41:51,eis_l0_20110514_004151.fits.gz,2011-05-14 00:57:00.000,2011-05-14 00:58:00.000,2011-05-14 01:00:00.000,B2.1,827.454,-291.8214,13583.69
2011-05-16 20:09:54,eis_l0_20110516_200954.fits.gz,2011-05-16 22:11:00.000,2011-05-16 22:19:00.000,2011-05-16 22:27:00.000,B3.5,241.6464,-335.0112,7795.793
2011-05-17 00:48:06,eis_l0_20110517_004806.fits.gz,2011-05-17 01:04:00.000,2011-05-17 01:09:00.000,2011-05-17 01:12:00.000,B3.5,256.305,-335.3898,3897.897
2011-05-19 02:14:35,eis_l0_20110519_021435.fits.gz,2011-05-19 02:09:00.000,2011-05-19 02:13:00.000,2011-05-19 02:15:00.000,B3.5,0.0,37.41708,270.0
2011-05-19 02:08:21,eis_l0_20110519_020821.fits.gz,2011-05-19 02:09:00.000,2011-05-19 02:13:00.000,2011-05-19 02:15:00.000,B3.5,0.0,37.41708,270.0
2011-05-18 18:37:18,eis_l0_20110518_183718.fits.gz,2011-05-18 18:02:00.000,2011-05-18 18:30:00.000,2011-05-18 19:50:00.000,C2.0,0.0,38.0682,344.474
2011-05-22 10:33:54,eis_l0_20110522_103354.fits.gz,2011-05-22 09:41:00.000,2011-05-22 10:28:00.000,2011-05-22 11:08:00.000,B1.3,0.0,30.98586,3897.897
2011-05-22 08:56:28,eis_l0_20110522_085628.fits.gz,2011-05-22 09:41:00.000,2011-05-22 10:28:00.000,2011-05-22 11:08:00.000,B1.3,0.0,30.98586,2952.897
2011-05-21 15:30:06,eis_l0_20110521_153006.fits.gz,2011-05-21 16:06:00.000,2011-05-21 16:21:00.000,2011-05-21 16:30:00.000,B1.1,0.0,32.41518,2506.494
2011-05-24 23:28:28,eis_l0_20110524_232828.fits.gz,2011-05-24 22:11:00.000,2011-05-24 22:37:00.000,2011-05-24 23:30:00.000,B2.0,0.0,26.03928,2952.897
2011-05-28 03:08:41,eis_l0_20110528_030841.fits.gz,2011-05-28 03:04:00.000,2011-05-28 03:31:00.000,2011-05-28 03:43:00.000,C8.3,0.0,19.69992,1861.219
2011-05-27 11:55:20,eis_l0_20110527_115520.fits.gz,2011-05-27 11:58:00.000,2011-05-27 12:15:00.000,2011-05-27 12:38:00.000,B7.7,0.0,20.94894,17428.782
2011-05-27 20:28:41,eis_l0_20110527_202841.fits.gz,2011-05-27 20:58:00.000,2011-05-27 21:05:00.000,2011-05-27 21:12:00.000,B9.3,0.0,20.2047,2952.897
2011-05-27 18:53:42,eis_l0_20110527_185342.fits.gz,2011-05-27 19:33:00.000,2011-05-27 19:43:00.000,2011-05-27 19:58:00.000,C1.4,0.0,20.32188,2952.897
2011-05-30 10:56:42,eis_l0_20110530_105642.fits.gz,2011-05-30 10:48:00.000,2011-05-30 11:01:00.000,2011-05-30 11:22:00.000,C2.8,-780.882,-285.7884,270.0
2011-05-29 06:21:12,eis_l0_20110529_062112.fits.gz,2011-05-29 06:12:00.000,2011-05-29 06:17:00.000,2011-05-29 06:22:00.000,C1.8,0.0,17.45142,270.0
2011-05-29 20:18:55,eis_l0_20110529_201855.fits.gz,2011-05-29 20:11:00.000,2011-05-29 21:20:00.000,2011-05-29 21:48:00.000,C8.7,-835.656,-287.0172,270.0
2011-05-28 17:53:41,eis_l0_20110528_175341.fits.gz,2011-05-28 18:42:00.000,2011-05-28 18:46:00.000,2011-05-28 18:50:00.000,C2.2,0.0,18.405,12347.513
2011-05-28 11:10:28,eis_l0_20110528_111028.fits.gz,2011-05-28 10:22:00.000,2011-05-28 10:30:00.000,2011-05-28 11:21:00.000,C5.3,-845.952,-334.3068,17428.782
2011-05-28 23:30:27,eis_l0_20110528_233027.fits.gz,2011-05-28 23:41:00.000,2011-05-28 23:46:00.000,2011-05-28 23:53:00.000,C1.4,0.0,17.9919,7972.821
2011-06-02 02:48:34,eis_l0_20110602_024834.fits.gz,2011-06-02 02:39:00.000,2011-06-02 02:44:00.000,2011-06-02 02:49:00.000,C1.2,0.0,9.76074,344.474
2011-06-01 02:49:27,eis_l0_20110601_024927.fits.gz,2011-06-01 02:37:00.000,2011-06-01 02:53:00.000,2011-06-01 03:06:00.000,C2.6,-543.2136,-284.3334,270.0
2011-06-01 17:26:59,eis_l0_20110601_172659.fits.gz,2011-06-01 16:51:00.000,2011-06-01 17:08:00.000,2011-06-01 17:34:00.000,C4.1,0.0,10.57758,270.0
2011-06-03 18:30:26,eis_l0_20110603_183026.fits.gz,2011-06-03 18:49:00.000,2011-06-03 18:53:00.000,2011-06-03 18:59:00.000,B4.3,0.0,6.41082,3870.0
2011-06-03 14:30:33,eis_l0_20110603_143033.fits.gz,2011-06-03 15:58:00.000,2011-06-03 16:17:00.000,2011-06-03 16:30:00.000,C2.5,76.7226,-349.515,13583.69
2011-06-06 00:23:20,eis_l0_20110606_002320.fits.gz,2011-06-06 01:28:00.000,2011-06-06 01:35:00.000,2011-06-06 01:41:00.000,C1.2,0.0,1.851012,17428.782
2011-06-04 15:49:04,eis_l0_20110604_154904.fits.gz,2011-06-04 15:45:00.000,2011-06-04 15:53:00.000,2011-06-04 16:06:00.000,B6.2,286.494,-351.4446,324.825
2011-06-08 13:49:28,eis_l0_20110608_134928.fits.gz,2011-06-08 13:48:00.000,2011-06-08 13:53:00.000,2011-06-08 13:58:00.000,B3.0,0.0,-3.178608,344.474
2011-06-10 03:26:19,eis_l0_20110610_032619.fits.gz,2011-06-10 03:24:00.000,2011-06-10 03:28:00.000,2011-06-10 03:32:00.000,B2.0,0.0,-6.3072,308.0
2011-06-11 04:02:26,eis_l0_20110611_040226.fits.gz,2011-06-11 07:15:00.000,2011-06-11 07:20:00.000,2011-06-11 07:23:00.000,B2.8,0.0,-8.6202,12347.513
2011-06-13 14:46:00,eis_l0_20110613_144600.fits.gz,2011-06-13 14:42:00.000,2011-06-13 14:45:00.000,2011-06-13 14:49:00.000,B5.4,0.0,-13.21116,344.474
2011-06-13 20:16:13,eis_l0_20110613_201613.fits.gz,2011-06-13 20:16:00.000,2011-06-13 20:19:00.000,2011-06-13 20:23:00.000,B5.9,0.0,-13.67076,344.474
2011-06-14 00:24:25,eis_l0_20110614_002425.fits.gz,2011-06-14 00:32:00.000,2011-06-14 00:41:00.000,2011-06-14 00:49:00.000,C1.8,0.0,-14.0229,2952.897
2011-06-15 10:50:57,eis_l0_20110615_105057.fits.gz,2011-06-15 11:41:00.000,2011-06-15 11:50:00.000,2011-06-15 12:12:00.000,C2.6,-848.622,254.8008,12347.513
2011-06-16 19:53:14,eis_l0_20110616_195314.fits.gz,2011-06-16 23:10:00.000,2011-06-16 23:16:00.000,2011-06-16 23:19:00.000,B6.3,0.0,-19.82892,13583.69
2011-06-17 17:45:58,eis_l0_20110617_174558.fits.gz,2011-06-17 17:05:00.000,2011-06-17 17:40:00.000,2011-06-17 17:56:00.000,B6.9,0.0,-21.2937,270.0
2011-06-18 23:19:00,eis_l0_20110618_231900.fits.gz,2011-06-18 23:16:00.000,2011-06-18 23:19:00.000,2011-06-18 23:23:00.000,B3.1,0.0,-23.75316,270.0
2011-06-19 01:37:27,eis_l0_20110619_013727.fits.gz,2011-06-19 02:23:00.000,2011-06-19 02:41:00.000,2011-06-19 02:59:00.000,B9.4,-324.7962,255.5784,2952.897
2011-06-19 02:24:37,eis_l0_20110619_022437.fits.gz,2011-06-19 02:23:00.000,2011-06-19 02:41:00.000,2011-06-19 02:59:00.000,B9.4,-324.7962,255.5784,344.474
2011-06-20 00:37:12,eis_l0_20110620_003712.fits.gz,2011-06-20 01:24:00.000,2011-06-20 01:27:00.000,2011-06-20 01:31:00.000,B3.5,0.0,-25.87368,13583.69
2011-06-21 02:11:59,eis_l0_20110621_021159.fits.gz,2011-06-21 01:22:00.000,2011-06-21 03:25:00.000,2011-06-21 04:27:00.000,C7.7,126.8046,234.6816,270.0
2011-06-21 03:50:30,eis_l0_20110621_035030.fits.gz,2011-06-21 01:22:00.000,2011-06-21 03:25:00.000,2011-06-21 04:27:00.000,C7.7,126.8046,234.6816,270.0
2011-06-26 19:34:16,eis_l0_20110626_193416.fits.gz,2011-06-26 20:01:00.000,2011-06-26 20:09:00.000,2011-06-26 20:13:00.000,B3.6,0.0,-38.84382,2952.897
2011-06-27 11:34:19,eis_l0_20110627_113419.fits.gz,2011-06-27 12:13:00.000,2011-06-27 12:16:00.000,2011-06-27 12:20:00.000,B3.2,510.2676,292.662,2952.897
2011-06-27 15:26:28,eis_l0_20110627_152628.fits.gz,2011-06-27 15:28:00.000,2011-06-27 15:42:00.000,2011-06-27 16:16:00.000,B6.6,0.0,-40.365,2952.897
2011-06-28 00:47:18,eis_l0_20110628_004718.fits.gz,2011-06-28 00:27:00.000,2011-06-28 01:07:00.000,2011-06-28 01:58:00.000,B6.4,0.0,-41.06514,2952.897
2011-06-29 00:05:55,eis_l0_20110629_000555.fits.gz,2011-06-29 00:20:00.000,2011-06-29 00:32:00.000,2011-06-29 00:57:00.000,B7.3,0.0,-42.91872,13583.69
2011-06-30 22:12:50,eis_l0_20110630_221250.fits.gz,2011-06-30 22:10:00.000,2011-06-30 22:15:00.000,2011-06-30 22:20:00.000,B3.5,0.0,-46.44264,639.825
2011-07-01 00:53:20,eis_l0_20110701_005320.fits.gz,2011-07-01 00:47:00.000,2011-07-01 01:08:00.000,2011-07-01 01:17:00.000,B2.8,0.0,-46.64244,639.825
2011-07-01 05:50:27,eis_l0_20110701_055027.fits.gz,2011-07-01 06:12:00.000,2011-07-01 06:15:00.000,2011-07-01 06:17:00.000,B2.2,0.0,-47.0556,3595.497
2011-07-01 07:28:43,eis_l0_20110701_072843.fits.gz,2011-07-01 08:28:00.000,2011-07-01 08:33:00.000,2011-07-01 08:36:00.000,B3.7,-468.7656,221.7738,3595.497
2011-07-01 20:33:26,eis_l0_20110701_203326.fits.gz,2011-07-01 21:05:00.000,2011-07-01 21:11:00.000,2011-07-01 21:17:00.000,B2.4,0.0,-48.18738,3897.897
2011-07-01 12:24:27,eis_l0_20110701_122427.fits.gz,2011-07-01 12:34:00.000,2011-07-01 12:40:00.000,2011-07-01 12:58:00.000,B4.1,96.093,183.0474,3897.897
2011-07-03 09:32:15,eis_l0_20110703_093215.fits.gz,2011-07-03 09:33:00.000,2011-07-03 09:40:00.000,2011-07-03 09:47:00.000,B4.8,0.0,-50.93868,184.948
2011-07-03 10:30:28,eis_l0_20110703_103028.fits.gz,2011-07-03 10:54:00.000,2011-07-03 11:01:00.000,2011-07-03 11:06:00.000,C2.1,445.4364,185.46,17428.782
2011-07-04 06:55:35,eis_l0_20110704_065535.fits.gz,2011-07-04 06:53:00.000,2011-07-04 06:57:00.000,2011-07-04 07:00:00.000,B1.9,0.0,-52.53342,184.948
2011-07-04 10:13:27,eis_l0_20110704_101327.fits.gz,2011-07-04 12:48:00.000,2011-07-04 12:52:00.000,2011-07-04 12:56:00.000,B2.5,0.0,-52.9737,17428.782
2011-07-04 15:50:38,eis_l0_20110704_155038.fits.gz,2011-07-04 16:53:00.000,2011-07-04 16:56:00.000,2011-07-04 16:58:00.000,B1.7,0.0,-53.27706,10039.483
2011-07-05 21:34:40,eis_l0_20110705_213440.fits.gz,2011-07-05 21:49:00.000,2011-07-05 21:56:00.000,2011-07-05 22:08:00.000,B2.6,0.0,-55.41426,1003.948
2011-07-06 22:32:26,eis_l0_20110706_223226.fits.gz,2011-07-06 23:49:00.000,2011-07-06 23:54:00.000,2011-07-06 23:59:00.000,B3.5,0.0,-57.31602,13583.69
2011-07-07 02:54:26,eis_l0_20110707_025426.fits.gz,2011-07-07 02:31:00.000,2011-07-07 02:43:00.000,2011-07-07 02:57:00.000,C1.0,646.278,205.2204,12347.513
2011-07-07 20:07:01,eis_l0_20110707_200701.fits.gz,2011-07-07 20:09:00.000,2011-07-07 20:14:00.000,2011-07-07 20:17:00.000,B3.4,0.0,-58.79052,10039.483
2011-07-11 00:29:26,eis_l0_20110711_002926.fits.gz,2011-07-11 01:12:00.000,2011-07-11 01:17:00.000,2011-07-11 01:20:00.000,B3.6,0.0,-64.2714,3897.897
2011-07-13 03:23:43,eis_l0_20110713_032343.fits.gz,2011-07-13 04:21:00.000,2011-07-13 04:27:00.000,2011-07-13 04:40:00.000,B5.0,0.0,-67.8108,3595.497
2011-07-13 17:11:41,eis_l0_20110713_171141.fits.gz,2011-07-13 17:04:00.000,2011-07-13 17:08:00.000,2011-07-13 17:16:00.000,B3.5,0.0,-68.6784,221.443
2011-07-17 11:26:18,eis_l0_20110717_112618.fits.gz,2011-07-17 11:28:00.000,2011-07-17 11:32:00.000,2011-07-17 11:36:00.000,B4.1,660.876,275.7828,250.0
2011-07-17 08:14:13,eis_l0_20110717_081413.fits.gz,2011-07-17 07:52:00.000,2011-07-17 08:22:00.000,2011-07-17 08:28:00.000,B4.9,639.774,274.1802,250.0
2011-07-18 10:34:35,eis_l0_20110718_103435.fits.gz,2011-07-18 10:19:00.000,2011-07-18 10:28:00.000,2011-07-18 10:38:00.000,C1.0,-283.8678,-435.1506,250.0
2011-07-20 02:47:12,eis_l0_20110720_024712.fits.gz,2011-07-20 03:15:00.000,2011-07-20 03:18:00.000,2011-07-20 03:23:00.000,B3.2,0.0,-78.7608,2925.0
2011-07-20 10:10:05,eis_l0_20110720_101005.fits.gz,2011-07-20 09:57:00.000,2011-07-20 10:05:00.000,2011-07-20 10:11:00.000,B7.2,0.0,-79.1802,250.0
2011-07-20 21:05:25,eis_l0_20110720_210525.fits.gz,2011-07-20 21:13:00.000,2011-07-20 21:17:00.000,2011-07-20 21:21:00.000,B4.0,0.0,-79.881,2952.897
2011-07-24 20:17:43,eis_l0_20110724_201743.fits.gz,2011-07-24 21:49:00.000,2011-07-24 21:55:00.000,2011-07-24 22:03:00.000,B4.1,0.0,-85.6962,7972.821
2011-07-25 17:33:12,eis_l0_20110725_173312.fits.gz,2011-07-25 17:58:00.000,2011-07-25 18:02:00.000,2011-07-25 18:07:00.000,B6.1,-792.102,285.2448,12347.513
2011-07-26 03:45:38,eis_l0_20110726_034538.fits.gz,2011-07-26 03:17:00.000,2011-07-26 03:39:00.000,2011-07-26 03:48:00.000,C1.2,0.0,-87.3978,270.0
2011-07-26 22:16:18,eis_l0_20110726_221618.fits.gz,2011-07-26 21:53:00.000,2011-07-26 22:41:00.000,2011-07-26 22:53:00.000,C3.8,-647.982,233.0574,270.0
2011-07-26 23:53:50,eis_l0_20110726_235350.fits.gz,2011-07-26 23:53:00.000,2011-07-26 23:59:00.000,2011-07-27 00:03:00.000,B8.9,0.0,-88.566,270.0
2011-07-27 06:28:58,eis_l0_20110727_062858.fits.gz,2011-07-27 06:33:00.000,2011-07-27 06:39:00.000,2011-07-27 06:46:00.000,C3.0,-587.7024,243.6996,270.0
2011-07-27 11:23:23,eis_l0_20110727_112323.fits.gz,2011-07-27 11:18:00.000,2011-07-27 11:31:00.000,2011-07-27 11:33:00.000,C3.6,0.0,-89.2062,270.0
2011-07-27 16:18:53,eis_l0_20110727_161853.fits.gz,2011-07-27 15:48:00.000,2011-07-27 16:07:00.000,2011-07-27 16:22:00.000,M1.1,-535.9032,255.5952,270.0
2011-07-27 21:13:21,eis_l0_20110727_211321.fits.gz,2011-07-27 20:41:00.000,2011-07-27 21:21:00.000,2011-07-27 21:29:00.000,C2.3,-513.9876,237.7374,270.0
2011-07-28 00:30:53,eis_l0_20110728_003053.fits.gz,2011-07-28 00:16:00.000,2011-07-28 00:26:00.000,2011-07-28 00:34:00.000,C2.5,-490.971,219.9126,270.0
2011-07-28 08:00:37,eis_l0_20110728_080037.fits.gz,2011-07-28 07:28:00.000,2011-07-28 07:57:00.000,2011-07-28 08:06:00.000,C2.7,-450.798,217.2714,270.0
2011-07-28 15:16:21,eis_l0_20110728_151621.fits.gz,2011-07-28 14:43:00.000,2011-07-28 15:27:00.000,2011-07-28 15:45:00.000,C4.1,0.0,-90.7218,270.0
2011-07-29 01:02:02,eis_l0_20110729_010202.fits.gz,2011-07-29 00:57:00.000,2011-07-29 01:06:00.000,2011-07-29 01:15:00.000,C4.1,0.0,-91.2792,270.0
2011-07-29 03:50:17,eis_l0_20110729_035017.fits.gz,2011-07-29 03:45:00.000,2011-07-29 03:48:00.000,2011-07-29 03:52:00.000,C1.2,0.0,-91.431,270.0
2011-07-29 16:37:54,eis_l0_20110729_163754.fits.gz,2011-07-29 16:34:00.000,2011-07-29 16:40:00.000,2011-07-29 16:46:00.000,C6.3,-600.564,177.0444,270.0
2011-07-31 11:08:57,eis_l0_20110731_110857.fits.gz,2011-07-31 14:02:00.000,2011-07-31 14:06:00.000,2011-07-31 14:11:00.000,B5.4,0.0,-94.515,17428.782
2011-07-31 18:48:22,eis_l0_20110731_184822.fits.gz,2011-07-31 18:43:00.000,2011-07-31 18:50:00.000,2011-07-31 18:52:00.000,C1.4,-573.4968,189.2904,270.0
2011-07-31 22:02:49,eis_l0_20110731_220249.fits.gz,2011-07-31 21:48:00.000,2011-07-31 22:04:00.000,2011-07-31 22:11:00.000,C1.8,-63.6318,169.2468,270.0
2011-07-31 23:37:47,eis_l0_20110731_233747.fits.gz,2011-07-31 23:36:00.000,2011-07-31 23:40:00.000,2011-07-31 23:44:00.000,C1.0,-520.1058,201.4764,270.0
2011-08-01 07:32:58,eis_l0_20110801_073258.fits.gz,2011-08-01 07:19:00.000,2011-08-01 07:32:00.000,2011-08-01 07:44:00.000,C4.0,-80.256,136.2156,270.0
2011-08-01 10:07:26,eis_l0_20110801_100726.fits.gz,2011-08-01 12:33:00.000,2011-08-01 12:40:00.000,2011-08-01 12:45:00.000,C2.0,0.0,-95.6664,17428.782
2011-08-02 14:15:20,eis_l0_20110802_141520.fits.gz,2011-08-02 14:08:00.000,2011-08-02 14:13:00.000,2011-08-02 14:20:00.000,B7.0,266.7096,171.1104,639.825
2011-08-02 14:39:20,eis_l0_20110802_143920.fits.gz,2011-08-02 14:37:00.000,2011-08-02 14:41:00.000,2011-08-02 14:43:00.000,B6.0,-203.0388,201.8904,639.825
2011-08-03 03:15:20,eis_l0_20110803_031520.fits.gz,2011-08-03 03:08:00.000,2011-08-03 03:37:00.000,2011-08-03 03:51:00.000,M1.1,369.0756,190.7346,639.825
2011-08-03 03:40:20,eis_l0_20110803_034020.fits.gz,2011-08-03 03:08:00.000,2011-08-03 03:37:00.000,2011-08-03 03:51:00.000,M1.1,369.0756,190.7346,639.825
2011-08-03 13:59:51,eis_l0_20110803_135951.fits.gz,2011-08-03 13:17:00.000,2011-08-03 13:48:00.000,2011-08-03 14:10:00.000,M6.0,455.9916,178.509,344.474
2011-08-03 18:57:54,eis_l0_20110803_185754.fits.gz,2011-08-03 18:52:00.000,2011-08-03 19:00:00.000,2011-08-03 19:06:00.000,C2.3,0.0,165.7248,344.474
2011-08-04 20:17:20,eis_l0_20110804_201720.fits.gz,2011-08-04 21:07:00.000,2011-08-04 21:15:00.000,2011-08-04 21:24:00.000,C3.2,694.248,164.7834,3897.897
2011-08-04 22:51:12,eis_l0_20110804_225112.fits.gz,2011-08-04 22:47:00.000,2011-08-04 22:50:00.000,2011-08-04 22:52:00.000,B9.6,0.0,-99.6792,270.0
2011-08-05 03:43:01,eis_l0_20110805_034301.fits.gz,2011-08-05 03:32:00.000,2011-08-05 03:41:00.000,2011-08-05 03:50:00.000,C1.0,0.0,-99.9012,270.0
2011-08-05 12:37:33,eis_l0_20110805_123733.fits.gz,2011-08-05 12:38:00.000,2011-08-05 12:45:00.000,2011-08-05 12:57:00.000,C2.0,365.0262,220.671,324.825
2011-08-05 12:47:34,eis_l0_20110805_124734.fits.gz,2011-08-05 12:38:00.000,2011-08-05 12:45:00.000,2011-08-05 12:57:00.000,C2.0,365.0262,220.671,324.825
2011-08-05 15:45:33,eis_l0_20110805_154533.fits.gz,2011-08-05 17:40:00.000,2011-08-05 17:47:00.000,2011-08-05 17:53:00.000,C1.8,409.7994,206.4786,7972.821
2011-08-05 19:31:13,eis_l0_20110805_193113.fits.gz,2011-08-05 19:41:00.000,2011-08-05 19:45:00.000,2011-08-05 19:49:00.000,C1.4,788.784,211.434,7972.821
2011-08-10 08:02:19,eis_l0_20110810_080219.fits.gz,2011-08-10 08:41:00.000,2011-08-10 08:45:00.000,2011-08-10 08:51:00.000,B4.7,0.0,-105.3702,7795.793
2011-08-10 10:46:40,eis_l0_20110810_104640.fits.gz,2011-08-10 10:21:00.000,2011-08-10 10:44:00.000,2011-08-10 10:55:00.000,C6.1,0.0,-105.438,3267.897
2011-08-11 04:33:12,eis_l0_20110811_043312.fits.gz,2011-08-11 04:16:00.000,2011-08-11 04:26:00.000,2011-08-11 04:37:00.000,B6.9,0.0,-106.1568,344.474
2011-08-13 14:30:11,eis_l0_20110813_143011.fits.gz,2011-08-13 14:25:00.000,2011-08-13 14:31:00.000,2011-08-13 14:35:00.000,B1.6,0.0,-108.3786,2925.0
2011-08-13 22:45:54,eis_l0_20110813_224554.fits.gz,2011-08-13 22:46:00.000,2011-08-13 22:55:00.000,2011-08-13 23:11:00.000,B1.8,0.0,-108.6834,2925.0
2011-08-16 00:45:55,eis_l0_20110816_004555.fits.gz,2011-08-15 23:54:00.000,2011-08-16 00:25:00.000,2011-08-16 00:59:00.000,C1.3,0.0,-110.4042,249.299
2011-08-15 02:21:23,eis_l0_20110815_022123.fits.gz,2011-08-15 02:57:00.000,2011-08-15 03:09:00.000,2011-08-15 03:16:00.000,B5.4,0.0,-109.686,2925.0
2011-08-15 04:00:05,eis_l0_20110815_040005.fits.gz,2011-08-15 04:42:00.000,2011-08-15 04:54:00.000,2011-08-15 05:20:00.000,C1.4,0.0,-109.7466,2925.0
2011-08-15 10:34:34,eis_l0_20110815_103434.fits.gz,2011-08-15 11:10:00.000,2011-08-15 11:20:00.000,2011-08-15 11:33:00.000,C3.4,0.0,-109.9704,3267.897
2011-08-15 13:50:48,eis_l0_20110815_135048.fits.gz,2011-08-15 13:53:00.000,2011-08-15 14:12:00.000,2011-08-15 14:19:00.000,B8.6,0.0,-110.064,2925.0
2011-08-15 19:35:05,eis_l0_20110815_193505.fits.gz,2011-08-15 19:38:00.000,2011-08-15 19:43:00.000,2011-08-15 19:48:00.000,B7.7,0.0,-110.2602,846.448
2011-08-18 00:21:53,eis_l0_20110818_002153.fits.gz,2011-08-18 00:23:00.000,2011-08-18 00:30:00.000,2011-08-18 00:36:00.000,C1.6,0.0,-111.9786,249.299
2011-08-17 02:02:33,eis_l0_20110817_020233.fits.gz,2011-08-17 01:44:00.000,2011-08-17 02:54:00.000,2011-08-17 03:44:00.000,C1.9,0.0,-111.2586,2925.0
2011-08-17 03:35:33,eis_l0_20110817_033533.fits.gz,2011-08-17 01:44:00.000,2011-08-17 02:54:00.000,2011-08-17 03:44:00.000,C1.9,0.0,-111.2586,2925.0
2011-08-17 05:05:13,eis_l0_20110817_050513.fits.gz,2011-08-17 04:19:00.000,2011-08-17 04:29:00.000,2011-08-17 05:07:00.000,C2.3,-796.044,-383.0814,2925.0
2011-08-17 10:08:50,eis_l0_20110817_100850.fits.gz,2011-08-17 10:19:00.000,2011-08-17 10:42:00.000,2011-08-17 11:08:00.000,C3.4,0.0,-111.5346,3267.897
2011-08-18 04:12:10,eis_l0_20110818_041210.fits.gz,2011-08-18 03:45:00.000,2011-08-18 04:02:00.000,2011-08-18 04:15:00.000,B5.7,0.0,-112.0836,2925.0
2011-08-18 10:59:26,eis_l0_20110818_105926.fits.gz,2011-08-18 11:27:00.000,2011-08-18 11:32:00.000,2011-08-18 11:39:00.000,B5.2,0.0,-112.3206,3267.897
2011-08-18 12:24:20,eis_l0_20110818_122420.fits.gz,2011-08-18 12:41:00.000,2011-08-18 13:11:00.000,2011-08-18 13:19:00.000,B9.7,0.0,-112.3584,7795.793
2011-08-20 03:46:43,eis_l0_20110820_034643.fits.gz,2011-08-20 04:29:00.000,2011-08-20 04:32:00.000,2011-08-20 04:35:00.000,B5.5,-427.4628,-445.6596,3870.0
2011-08-20 07:03:43,eis_l0_20110820_070343.fits.gz,2011-08-20 07:52:00.000,2011-08-20 07:58:00.000,2011-08-20 08:05:00.000,B3.9,0.0,-113.6268,3870.0
2011-08-21 10:52:51,eis_l0_20110821_105251.fits.gz,2011-08-21 12:11:00.000,2011-08-21 12:20:00.000,2011-08-21 12:30:00.000,B6.1,0.0,-114.4038,11693.69
2011-08-21 17:52:05,eis_l0_20110821_175205.fits.gz,2011-08-21 18:15:00.000,2011-08-21 18:40:00.000,2011-08-21 18:46:00.000,C1.5,-125.2506,-414.8484,2893.948
2011-08-21 19:30:35,eis_l0_20110821_193035.fits.gz,2011-08-21 20:17:00.000,2011-08-21 20:20:00.000,2011-08-21 20:27:00.000,B3.5,0.0,-114.6186,2893.948
2011-08-21 23:20:43,eis_l0_20110821_232043.fits.gz,2011-08-21 23:10:00.000,2011-08-21 23:16:00.000,2011-08-21 23:26:00.000,C1.2,0.0,-114.6936,184.948
2011-08-22 01:03:37,eis_l0_20110822_010337.fits.gz,2011-08-22 00:49:00.000,2011-08-22 00:57:00.000,2011-08-22 01:09:00.000,B5.1,0.0,-114.7368,94.095
2011-08-22 12:26:46,eis_l0_20110822_122646.fits.gz,2011-08-22 15:15:00.000,2011-08-22 16:04:00.000,2011-08-22 16:38:00.000,C1.1,0.0,-115.1064,11693.69
2011-08-22 15:59:57,eis_l0_20110822_155957.fits.gz,2011-08-22 15:15:00.000,2011-08-22 16:04:00.000,2011-08-22 16:38:00.000,C1.1,0.0,-115.1064,144.299
2011-08-22 18:32:30,eis_l0_20110822_183230.fits.gz,2011-08-22 18:50:00.000,2011-08-22 18:54:00.000,2011-08-22 19:00:00.000,B5.5,0.0,-115.1958,2893.948
2011-08-23 01:27:08,eis_l0_20110823_012708.fits.gz,2011-08-23 01:01:00.000,2011-08-23 01:25:00.000,2011-08-23 01:34:00.000,B5.7,0.0,-115.3494,184.948
2011-08-24 17:15:26,eis_l0_20110824_171526.fits.gz,2011-08-24 17:32:00.000,2011-08-24 17:35:00.000,2011-08-24 17:38:00.000,B5.5,563.3598,172.4106,12347.513
2011-08-26 13:34:29,eis_l0_20110826_133429.fits.gz,2011-08-26 13:30:00.000,2011-08-26 13:33:00.000,2011-08-26 13:36:00.000,B9.0,0.0,-117.2358,17428.782
2011-08-29 11:43:27,eis_l0_20110829_114327.fits.gz,2011-08-29 10:15:00.000,2011-08-29 11:17:00.000,2011-08-29 11:49:00.000,C2.9,0.0,-118.4754,3573.072
2011-08-29 20:05:26,eis_l0_20110829_200526.fits.gz,2011-08-29 21:42:00.000,2011-08-29 21:47:00.000,2011-08-29 21:50:00.000,C1.7,0.0,-118.6554,7795.793
2011-08-29 22:39:41,eis_l0_20110829_223941.fits.gz,2011-08-29 23:03:00.000,2011-08-29 23:07:00.000,2011-08-29 23:19:00.000,B8.2,655.314,197.6256,7795.793
2011-08-30 08:40:42,eis_l0_20110830_084042.fits.gz,2011-08-30 08:33:00.000,2011-08-30 08:39:00.000,2011-08-30 08:47:00.000,B5.0,0.0,-118.8192,344.474
2011-08-31 01:32:21,eis_l0_20110831_013221.fits.gz,2011-08-31 01:26:00.000,2011-08-31 01:30:00.000,2011-08-31 01:33:00.000,B3.9,0.0,-119.061,344.474
2011-08-31 10:35:27,eis_l0_20110831_103527.fits.gz,2011-08-31 11:16:00.000,2011-08-31 11:24:00.000,2011-08-31 11:31:00.000,C2.2,-887.412,214.5414,7795.793
2011-08-31 12:39:48,eis_l0_20110831_123948.fits.gz,2011-08-31 13:42:00.000,2011-08-31 13:47:00.000,2011-08-31 13:51:00.000,B8.8,-859.722,168.996,7795.793
2011-09-05 03:49:56,eis_l0_20110905_034956.fits.gz,2011-09-05 04:08:00.000,2011-09-05 04:28:00.000,2011-09-05 04:32:00.000,M1.6,0.0,-120.3216,12347.513
2011-09-11 09:08:02,eis_l0_20110911_090802.fits.gz,2011-09-11 08:41:00.000,2011-09-11 08:51:00.000,2011-09-11 09:27:00.000,C6.6,889.848,214.8114,3595.497
2011-09-11 12:29:33,eis_l0_20110911_122933.fits.gz,2011-09-11 13:18:00.000,2011-09-11 13:26:00.000,2011-09-11 13:36:00.000,C1.9,0.0,-120.6474,3595.497
2011-09-11 19:38:13,eis_l0_20110911_193813.fits.gz,2011-09-11 19:45:00.000,2011-09-11 19:49:00.000,2011-09-11 19:52:00.000,C1.7,0.0,-120.63,3595.497
2011-09-11 21:03:12,eis_l0_20110911_210312.fits.gz,2011-09-11 21:19:00.000,2011-09-11 21:25:00.000,2011-09-11 21:35:00.000,C1.1,0.0,-120.6252,3595.497
2011-09-12 02:46:12,eis_l0_20110912_024612.fits.gz,2011-09-12 03:24:00.000,2011-09-12 03:29:00.000,2011-09-12 03:33:00.000,C2.0,0.0,-120.6066,3595.497
2011-09-14 18:02:26,eis_l0_20110914_180226.fits.gz,2011-09-14 20:42:00.000,2011-09-14 20:51:00.000,2011-09-14 20:54:00.000,C9.2,675.672,-369.4722,12347.513
2011-09-14 22:50:48,eis_l0_20110914_225048.fits.gz,2011-09-14 23:29:00.000,2011-09-14 23:37:00.000,2011-09-14 23:41:00.000,C3.1,-593.5062,272.7798,7795.793
2011-09-15 18:38:27,eis_l0_20110915_183827.fits.gz,2011-09-15 20:32:00.000,2011-09-15 20:38:00.000,2011-09-15 20:43:00.000,C1.3,0.0,-120.0714,7795.793
2011-09-20 19:23:12,eis_l0_20110920_192312.fits.gz,2011-09-20 19:23:00.000,2011-09-20 20:00:00.000,2011-09-20 20:14:00.000,C2.7,467.5698,279.141,144.299
2011-09-21 11:07:50,eis_l0_20110921_110750.fits.gz,2011-09-21 11:17:00.000,2011-09-21 11:24:00.000,2011-09-21 11:28:00.000,C3.9,-707.772,323.1066,2925.0
2011-09-21 12:32:42,eis_l0_20110921_123242.fits.gz,2011-09-21 12:04:00.000,2011-09-21 12:23:00.000,2011-09-21 12:45:00.000,M1.8,0.0,-118.3356,2925.0
2011-09-21 13:39:43,eis_l0_20110921_133943.fits.gz,2011-09-21 14:21:00.000,2011-09-21 14:23:00.000,2011-09-21 14:26:00.000,C2.6,610.146,260.1336,2925.0
2011-09-22 20:17:51,eis_l0_20110922_201751.fits.gz,2011-09-22 20:14:00.000,2011-09-22 20:20:00.000,2011-09-22 20:33:00.000,C4.0,753.102,298.3452,144.299
2011-09-22 10:47:44,eis_l0_20110922_104744.fits.gz,2011-09-22 10:29:00.000,2011-09-22 11:01:00.000,2011-09-22 11:44:00.000,X1.4,0.0,-117.9414,2925.0
2011-09-22 11:38:21,eis_l0_20110922_113821.fits.gz,2011-09-22 10:29:00.000,2011-09-22 11:01:00.000,2011-09-22 11:44:00.000,X1.4,0.0,-117.9414,2925.0
2011-09-22 23:50:29,eis_l0_20110922_235029.fits.gz,2011-09-22 23:51:00.000,2011-09-22 23:56:00.000,2011-09-23 00:02:00.000,C4.1,745.428,363.879,144.299
2011-09-23 08:46:45,eis_l0_20110923_084645.fits.gz,2011-09-23 08:40:00.000,2011-09-23 08:50:00.000,2011-09-23 09:20:00.000,C6.9,798.666,360.0432,91.86
2011-09-24 17:24:37,eis_l0_20110924_172437.fits.gz,2011-09-24 17:19:00.000,2011-09-24 17:25:00.000,2011-09-24 17:31:00.000,M3.1,0.0,-116.8506,308.0
2011-09-25 04:54:49,eis_l0_20110925_045449.fits.gz,2011-09-25 04:31:00.000,2011-09-25 04:50:00.000,2011-09-25 05:05:00.000,M7.4,-688.548,103.6968,308.0
2011-09-26 01:12:01,eis_l0_20110926_011201.fits.gz,2011-09-26 01:39:00.000,2011-09-26 01:47:00.000,2011-09-26 01:57:00.000,C9.5,826.362,-467.1402,3595.497
2011-09-28 10:15:23,eis_l0_20110928_101523.fits.gz,2011-09-28 10:16:00.000,2011-09-28 10:22:00.000,2011-09-28 10:30:00.000,B9.7,-96.5898,153.4296,11693.69
2011-09-30 12:02:33,eis_l0_20110930_120233.fits.gz,2011-09-30 12:32:00.000,2011-09-30 12:35:00.000,2011-09-30 12:39:00.000,B7.3,0.0,-113.2728,17428.782
2011-10-01 10:12:34,eis_l0_20111001_101234.fits.gz,2011-10-01 08:56:00.000,2011-10-01 09:59:00.000,2011-10-01 10:17:00.000,M1.2,99.045,55.5951,2677.196
2011-10-02 04:11:34,eis_l0_20111002_041134.fits.gz,2011-10-02 03:10:00.000,2011-10-02 03:49:00.000,2011-10-02 04:13:00.000,C1.5,0.0,-112.0764,270.0
2011-10-02 10:33:13,eis_l0_20111002_103313.fits.gz,2011-10-02 11:01:00.000,2011-10-02 11:05:00.000,2011-10-02 11:08:00.000,B9.1,0.0,-111.8226,2677.196
2011-10-02 03:22:38,eis_l0_20111002_032238.fits.gz,2011-10-02 03:10:00.000,2011-10-02 03:49:00.000,2011-10-02 04:13:00.000,C1.5,0.0,-112.0764,270.0
2011-10-02 21:03:13,eis_l0_20111002_210313.fits.gz,2011-10-02 21:20:00.000,2011-10-02 21:49:00.000,2011-10-02 22:05:00.000,C7.6,401.637,49.7538,2677.196
2011-10-05 00:29:39,eis_l0_20111005_002939.fits.gz,2011-10-05 00:11:00.000,2011-10-05 00:25:00.000,2011-10-05 01:04:00.000,C2.3,0.0,-109.7226,270.0
2011-10-06 04:11:40,eis_l0_20111006_041140.fits.gz,2011-10-06 04:11:00.000,2011-10-06 04:18:00.000,2011-10-06 04:25:00.000,C1.4,0.0,-108.6882,270.0
2011-10-06 21:43:14,eis_l0_20111006_214314.fits.gz,2011-10-06 22:06:00.000,2011-10-06 22:10:00.000,2011-10-06 22:13:00.000,C1.2,936.186,150.903,2677.196
2011-10-08 07:41:37,eis_l0_20111008_074137.fits.gz,2011-10-08 07:43:00.000,2011-10-08 08:19:00.000,2011-10-08 08:36:00.000,B9.8,0.0,-106.6674,270.0
2011-10-09 07:44:13,eis_l0_20111009_074413.fits.gz,2011-10-09 07:46:00.000,2011-10-09 07:50:00.000,2011-10-09 08:17:00.000,B6.1,0.0,-105.6726,270.0
2011-10-09 12:00:20,eis_l0_20111009_120020.fits.gz,2011-10-09 13:22:00.000,2011-10-09 13:27:00.000,2011-10-09 13:33:00.000,C1.7,0.0,-105.4362,17428.782
2011-10-10 04:37:19,eis_l0_20111010_043719.fits.gz,2011-10-10 04:39:00.000,2011-10-10 04:45:00.000,2011-10-10 04:50:00.000,B8.8,0.0,-104.7816,270.0
2011-10-10 11:12:40,eis_l0_20111010_111240.fits.gz,2011-10-10 11:33:00.000,2011-10-10 11:42:00.000,2011-10-10 11:53:00.000,C1.4,0.0,-104.4822,2677.196
2011-10-10 12:12:33,eis_l0_20111010_121233.fits.gz,2011-10-10 13:59:00.000,2011-10-10 14:02:00.000,2011-10-10 14:04:00.000,B5.3,0.0,-104.376,7972.821
2011-10-12 22:05:13,eis_l0_20111012_220513.fits.gz,2011-10-12 21:58:00.000,2011-10-12 22:02:00.000,2011-10-12 22:07:00.000,B6.4,0.0,-101.838,2677.196
2011-10-13 11:01:34,eis_l0_20111013_110134.fits.gz,2011-10-13 11:29:00.000,2011-10-13 12:23:00.000,2011-10-13 12:55:00.000,C2.2,0.0,-101.199,2677.196
2011-10-14 21:42:33,eis_l0_20111014_214233.fits.gz,2011-10-14 21:31:00.000,2011-10-14 21:37:00.000,2011-10-14 21:43:00.000,C1.3,-292.9548,90.381,2677.196
2011-10-14 22:42:19,eis_l0_20111014_224219.fits.gz,2011-10-14 23:13:00.000,2011-10-14 23:16:00.000,2011-10-14 23:20:00.000,C1.1,0.0,-99.462,7795.793
2011-10-15 12:29:18,eis_l0_20111015_122918.fits.gz,2011-10-15 12:36:00.000,2011-10-15 12:39:00.000,2011-10-15 12:41:00.000,C1.6,0.0,-98.7936,1992.269
2011-10-16 06:27:13,eis_l0_20111016_062713.fits.gz,2011-10-16 06:41:00.000,2011-10-16 07:01:00.000,2011-10-16 07:28:00.000,C2.8,82.6746,87.7284,7972.821
2011-10-16 13:52:20,eis_l0_20111016_135220.fits.gz,2011-10-16 13:51:00.000,2011-10-16 13:55:00.000,2011-10-16 13:57:00.000,C1.4,-168.3486,-478.1952,1992.269
2011-10-21 10:02:26,eis_l0_20111021_100226.fits.gz,2011-10-21 12:53:00.000,2011-10-21 13:00:00.000,2011-10-21 13:08:00.000,M1.3,0.0,-90.9816,12347.513
2011-10-21 16:54:50,eis_l0_20111021_165450.fits.gz,2011-10-21 17:00:00.000,2011-10-21 17:04:00.000,2011-10-21 17:10:00.000,C2.7,928.812,95.3046,1000.0
2011-10-22 10:05:43,eis_l0_20111022_100543.fits.gz,2011-10-22 10:00:00.000,2011-10-22 11:10:00.000,2011-10-22 13:09:00.000,M1.3,851.808,387.6642,3897.897
2011-10-22 11:19:58,eis_l0_20111022_111958.fits.gz,2011-10-22 10:00:00.000,2011-10-22 11:10:00.000,2011-10-22 13:09:00.000,M1.3,851.808,387.6642,7972.821
2011-10-25 20:20:50,eis_l0_20111025_202050.fits.gz,2011-10-25 20:01:00.000,2011-10-25 20:19:00.000,2011-10-25 20:35:00.000,C1.7,0.0,-84.7482,639.825
2011-10-25 22:25:50,eis_l0_20111025_222550.fits.gz,2011-10-25 22:30:00.000,2011-10-25 22:35:00.000,2011-10-25 22:41:00.000,B7.3,0.0,-84.5922,639.825
2011-10-27 00:59:06,eis_l0_20111027_005906.fits.gz,2011-10-27 00:53:00.000,2011-10-27 01:02:00.000,2011-10-27 01:10:00.000,B6.9,0.0,-82.9116,344.474
2011-10-26 09:00:50,eis_l0_20111026_090050.fits.gz,2011-10-26 09:08:00.000,2011-10-26 10:01:00.000,2011-10-26 10:22:00.000,C1.2,0.0,-83.919,639.825
2011-10-26 09:28:49,eis_l0_20111026_092849.fits.gz,2011-10-26 09:08:00.000,2011-10-26 10:01:00.000,2011-10-26 10:22:00.000,C1.2,0.0,-83.919,639.825
2011-10-26 10:12:33,eis_l0_20111026_101233.fits.gz,2011-10-26 09:08:00.000,2011-10-26 10:01:00.000,2011-10-26 10:22:00.000,C1.2,0.0,-83.919,13583.69
2011-10-27 18:36:12,eis_l0_20111027_183612.fits.gz,2011-10-27 18:38:00.000,2011-10-27 18:44:00.000,2011-10-27 18:49:00.000,C2.6,0.0,-81.7632,324.825
2011-10-28 12:25:38,eis_l0_20111028_122538.fits.gz,2011-10-28 11:48:00.000,2011-10-28 12:17:00.000,2011-10-28 12:42:00.000,C1.7,816.66,126.6042,13583.69
2011-10-30 21:07:52,eis_l0_20111030_210752.fits.gz,2011-10-30 21:07:00.000,2011-10-30 21:16:00.000,2011-10-30 21:31:00.000,C1.5,0.0,-76.7862,344.474
2011-10-30 22:45:08,eis_l0_20111030_224508.fits.gz,2011-10-30 22:33:00.000,2011-10-30 22:50:00.000,2011-10-30 23:07:00.000,C1.2,0.0,-76.6884,344.474
2011-10-31 18:12:26,eis_l0_20111031_181226.fits.gz,2011-10-31 17:21:00.000,2011-10-31 18:08:00.000,2011-10-31 18:50:00.000,M1.4,0.0,-75.3924,7972.821
2011-10-31 21:37:50,eis_l0_20111031_213750.fits.gz,2011-10-31 23:16:00.000,2011-10-31 23:22:00.000,2011-10-31 23:28:00.000,C5.2,0.0,-74.9808,7972.821
2011-11-02 12:02:59,eis_l0_20111102_120259.fits.gz,2011-11-02 12:20:00.000,2011-11-02 12:23:00.000,2011-11-02 12:25:00.000,C1.6,0.0,-72.372,7972.821
2011-11-02 21:58:42,eis_l0_20111102_215842.fits.gz,2011-11-02 21:52:00.000,2011-11-02 22:01:00.000,2011-11-02 22:19:00.000,M4.3,0.0,-71.6916,3573.072
2011-11-03 00:15:48,eis_l0_20111103_001548.fits.gz,2011-11-03 00:05:00.000,2011-11-03 00:18:00.000,2011-11-03 00:27:00.000,C4.4,0.0,-71.5332,7795.793
2011-11-03 12:36:17,eis_l0_20111103_123617.fits.gz,2011-11-03 14:03:00.000,2011-11-03 14:08:00.000,2011-11-03 14:14:00.000,C1.5,0.0,-70.5282,7972.821
2011-11-03 19:21:27,eis_l0_20111103_192127.fits.gz,2011-11-03 20:16:00.000,2011-11-03 20:27:00.000,2011-11-03 20:32:00.000,X1.9,-800.322,332.5386,3573.072
2011-11-03 22:46:01,eis_l0_20111103_224601.fits.gz,2011-11-03 22:56:00.000,2011-11-03 23:13:00.000,2011-11-03 23:24:00.000,C9.2,0.0,-69.8856,3573.072
2011-11-04 00:00:40,eis_l0_20111104_000040.fits.gz,2011-11-04 00:01:00.000,2011-11-04 00:11:00.000,2011-11-04 00:16:00.000,C3.8,0.0,-69.8064,3573.072
2011-11-04 01:32:43,eis_l0_20111104_013243.fits.gz,2011-11-04 00:26:00.000,2011-11-04 01:01:00.000,2011-11-04 01:43:00.000,C5.4,0.0,-69.7764,3573.072
2011-11-04 03:09:13,eis_l0_20111104_030913.fits.gz,2011-11-04 03:22:00.000,2011-11-04 03:53:00.000,2011-11-04 04:16:00.000,C8.6,0.0,-69.5634,3573.072
2011-11-04 09:36:21,eis_l0_20111104_093621.fits.gz,2011-11-04 10:50:00.000,2011-11-04 10:55:00.000,2011-11-04 11:01:00.000,C1.8,0.0,-69.0186,7795.793
2011-11-04 22:34:37,eis_l0_20111104_223437.fits.gz,2011-11-04 22:25:00.000,2011-11-04 22:43:00.000,2011-11-04 23:06:00.000,C4.6,0.0,-68.1702,344.474
2011-11-06 06:17:02,eis_l0_20111106_061702.fits.gz,2011-11-06 06:14:00.000,2011-11-06 06:35:00.000,2011-11-06 06:41:00.000,M1.4,-466.929,294.5886,3595.497
2011-11-08 08:12:48,eis_l0_20111108_081248.fits.gz,2011-11-08 07:23:00.000,2011-11-08 08:19:00.000,2011-11-08 08:45:00.000,C2.6,0.0,-62.0916,270.0
2011-11-08 18:12:34,eis_l0_20111108_181234.fits.gz,2011-11-08 19:23:00.000,2011-11-08 19:28:00.000,2011-11-08 19:38:00.000,C1.8,46.8393,322.926,7795.793
2011-11-09 12:47:26,eis_l0_20111109_124726.fits.gz,2011-11-09 13:04:00.000,2011-11-09 13:35:00.000,2011-11-09 14:12:00.000,M1.1,0.0,-59.80212,3739.483
2011-11-10 13:06:17,eis_l0_20111110_130617.fits.gz,2011-11-10 15:48:00.000,2011-11-10 15:52:00.000,2011-11-10 15:59:00.000,C2.2,0.0,-57.71352,11693.69
2011-11-11 06:12:13,eis_l0_20111111_061213.fits.gz,2011-11-11 06:11:00.000,2011-11-11 07:05:00.000,2011-11-11 07:51:00.000,C4.2,0.0,-56.57958,11693.69
2011-11-11 11:02:19,eis_l0_20111111_110219.fits.gz,2011-11-11 12:25:00.000,2011-11-11 12:31:00.000,2011-11-11 12:37:00.000,C1.6,590.739,275.3466,17428.782
2011-11-15 10:55:20,eis_l0_20111115_105520.fits.gz,2011-11-15 12:30:00.000,2011-11-15 12:43:00.000,2011-11-15 12:50:00.000,M1.9,0.0,-48.31836,12835.793
2011-11-17 03:00:27,eis_l0_20111117_030027.fits.gz,2011-11-17 05:10:00.000,2011-11-17 05:15:00.000,2011-11-17 05:22:00.000,C1.3,0.0,-44.94648,11693.69
2011-11-14 11:26:58,eis_l0_20111114_112658.fits.gz,2011-11-14 11:18:00.000,2011-11-14 11:23:00.000,2011-11-14 11:27:00.000,C2.1,-552.6516,94.3974,312.299
2011-11-17 10:00:41,eis_l0_20111117_100041.fits.gz,2011-11-17 10:55:00.000,2011-11-17 10:59:00.000,2011-11-17 11:05:00.000,C1.1,0.0,-44.46594,11693.69
2011-11-17 16:03:21,eis_l0_20111117_160321.fits.gz,2011-11-17 15:53:00.000,2011-11-17 15:59:00.000,2011-11-17 16:16:00.000,C2.0,0.0,-44.05014,11693.69
2011-11-20 10:53:49,eis_l0_20111120_105349.fits.gz,2011-11-20 11:45:00.000,2011-11-20 11:55:00.000,2011-11-20 12:04:00.000,C3.0,-619.89,-263.4132,7795.793
2011-11-21 04:52:16,eis_l0_20111121_045216.fits.gz,2011-11-21 04:48:00.000,2011-11-21 04:53:00.000,2011-11-21 04:58:00.000,C1.8,0.0,-36.84192,270.0
2011-11-22 01:39:05,eis_l0_20111122_013905.fits.gz,2011-11-22 01:42:00.000,2011-11-22 01:45:00.000,2011-11-22 01:47:00.000,B7.3,0.0,-35.04102,334.649
2011-11-22 23:34:33,eis_l0_20111122_233433.fits.gz,2011-11-22 23:11:00.000,2011-11-22 23:39:00.000,2011-11-22 23:47:00.000,C1.9,0.0,-33.17982,270.0
2011-11-23 07:27:15,eis_l0_20111123_072715.fits.gz,2011-11-23 07:20:00.000,2011-11-23 07:23:00.000,2011-11-23 07:28:00.000,C2.3,-889.89,359.1288,270.0
2011-11-24 20:10:37,eis_l0_20111124_201037.fits.gz,2011-11-24 20:12:00.000,2011-11-24 20:21:00.000,2011-11-24 20:39:00.000,C1.2,0.0,-29.24874,270.0
2011-11-24 23:23:17,eis_l0_20111124_232317.fits.gz,2011-11-24 23:08:00.000,2011-11-24 23:25:00.000,2011-11-24 23:29:00.000,C1.9,0.0,-28.99122,270.0
2011-11-26 10:17:27,eis_l0_20111126_101727.fits.gz,2011-11-26 15:00:00.000,2011-11-26 15:15:00.000,2011-11-26 15:31:00.000,C1.3,0.0,-25.47588,17428.782
2011-11-26 17:10:04,eis_l0_20111126_171004.fits.gz,2011-11-26 17:12:00.000,2011-11-26 17:19:00.000,2011-11-26 17:34:00.000,C1.0,-505.2144,281.1528,3897.897
2011-11-28 13:22:20,eis_l0_20111128_132220.fits.gz,2011-11-28 13:20:00.000,2011-11-28 13:26:00.000,2011-11-28 13:32:00.000,C2.2,0.0,-21.35748,270.0
2011-11-28 14:02:40,eis_l0_20111128_140240.fits.gz,2011-11-28 14:12:00.000,2011-11-28 14:15:00.000,2011-11-28 14:18:00.000,B9.8,0.0,-21.28014,7972.821
2011-11-29 15:22:01,eis_l0_20111129_152201.fits.gz,2011-11-29 15:42:00.000,2011-11-29 15:46:00.000,2011-11-29 15:48:00.000,B9.6,0.0,-18.9999,3595.497
2011-11-30 22:46:19,eis_l0_20111130_224619.fits.gz,2011-11-30 21:53:00.000,2011-11-30 22:32:00.000,2011-11-30 22:48:00.000,C3.6,838.374,211.7514,639.825
2011-12-01 20:11:43,eis_l0_20111201_201143.fits.gz,2011-12-01 20:27:00.000,2011-12-01 20:32:00.000,2011-12-01 20:37:00.000,C1.1,273.1008,272.5152,3870.0
2011-12-01 10:48:34,eis_l0_20111201_104834.fits.gz,2011-12-01 10:38:00.000,2011-12-01 10:45:00.000,2011-12-01 11:17:00.000,C1.4,0.0,-15.14238,324.825
2011-12-01 11:08:33,eis_l0_20111201_110833.fits.gz,2011-12-01 10:38:00.000,2011-12-01 10:45:00.000,2011-12-01 11:17:00.000,C1.4,0.0,-15.14238,324.825
2011-12-02 04:00:40,eis_l0_20111202_040040.fits.gz,2011-12-02 04:01:00.000,2011-12-02 04:04:00.000,2011-12-02 04:06:00.000,B9.6,0.0,-13.57476,3870.0
2011-12-05 10:34:40,eis_l0_20111205_103440.fits.gz,2011-12-05 12:35:00.000,2011-12-05 12:39:00.000,2011-12-05 12:42:00.000,B8.9,0.0,-6.27546,13583.69
2011-12-05 18:13:57,eis_l0_20111205_181357.fits.gz,2011-12-05 19:04:00.000,2011-12-05 19:07:00.000,2011-12-05 19:11:00.000,C2.5,0.0,-5.686176,7795.793
2011-12-11 11:10:26,eis_l0_20111211_111026.fits.gz,2011-12-11 11:29:00.000,2011-12-11 11:37:00.000,2011-12-11 11:46:00.000,B9.7,0.0,6.74154,17428.782
2011-12-16 07:41:50,eis_l0_20111216_074150.fits.gz,2011-12-16 08:14:00.000,2011-12-16 08:20:00.000,2011-12-16 08:27:00.000,B5.0,0.0,17.3547,7795.793
2011-12-18 13:12:27,eis_l0_20111218_131227.fits.gz,2011-12-18 13:35:00.000,2011-12-18 13:38:00.000,2011-12-18 13:40:00.000,B5.4,0.0,22.1733,7795.793
2011-12-20 10:02:41,eis_l0_20111220_100241.fits.gz,2011-12-20 11:47:00.000,2011-12-20 11:52:00.000,2011-12-20 11:54:00.000,C2.1,0.0,26.32158,7795.793
2011-12-21 11:50:27,eis_l0_20111221_115027.fits.gz,2011-12-21 12:31:00.000,2011-12-21 12:35:00.000,2011-12-21 12:37:00.000,C1.3,0.0,28.53102,7795.793
2011-12-23 04:12:13,eis_l0_20111223_041213.fits.gz,2011-12-23 04:10:00.000,2011-12-23 04:15:00.000,2011-12-23 04:34:00.000,C1.8,0.0,32.05392,3897.897
2011-12-23 10:16:13,eis_l0_20111223_101613.fits.gz,2011-12-23 10:09:00.000,2011-12-23 10:14:00.000,2011-12-23 10:17:00.000,C1.5,-519.3384,246.624,7795.793
2011-12-24 11:09:55,eis_l0_20111224_110955.fits.gz,2011-12-24 11:04:00.000,2011-12-24 11:16:00.000,2011-12-24 11:22:00.000,C1.1,0.0,34.78128,3897.897
2011-12-24 18:11:42,eis_l0_20111224_181142.fits.gz,2011-12-24 19:10:00.000,2011-12-24 19:19:00.000,2011-12-24 19:44:00.000,C1.5,0.0,35.49336,3897.897
2011-12-25 08:16:41,eis_l0_20111225_081641.fits.gz,2011-12-25 08:49:00.000,2011-12-25 08:55:00.000,2011-12-25 09:01:00.000,C5.5,312.6324,-318.4638,3897.897
2011-12-26 18:19:40,eis_l0_20111226_181940.fits.gz,2011-12-26 20:12:00.000,2011-12-26 20:30:00.000,2011-12-26 20:36:00.000,M2.3,611.148,-322.7556,7677.897
2011-12-27 18:32:26,eis_l0_20111227_183226.fits.gz,2011-12-27 18:31:00.000,2011-12-27 18:36:00.000,2011-12-27 18:43:00.000,C2.5,724.074,-310.0536,639.825
2011-12-27 21:47:20,eis_l0_20111227_214720.fits.gz,2011-12-27 21:46:00.000,2011-12-27 22:26:00.000,2011-12-27 22:49:00.000,C6.7,0.0,41.98938,639.825
2011-12-27 22:10:21,eis_l0_20111227_221021.fits.gz,2011-12-27 21:46:00.000,2011-12-27 22:26:00.000,2011-12-27 22:49:00.000,C6.7,0.0,41.98938,639.825
2011-12-28 16:04:04,eis_l0_20111228_160404.fits.gz,2011-12-28 16:03:00.000,2011-12-28 16:10:00.000,2011-12-28 16:25:00.000,C3.1,0.0,43.56282,270.0
2011-12-28 00:23:19,eis_l0_20111228_002319.fits.gz,2011-12-28 00:14:00.000,2011-12-28 00:30:00.000,2011-12-28 00:40:00.000,C2.3,0.0,42.20214,639.825
2011-12-28 01:58:20,eis_l0_20111228_015820.fits.gz,2011-12-28 01:54:00.000,2011-12-28 02:08:00.000,2011-12-28 02:16:00.000,C2.1,0.0,42.34578,639.825
2011-12-28 03:35:20,eis_l0_20111228_033520.fits.gz,2011-12-28 03:30:00.000,2011-12-28 03:50:00.000,2011-12-28 04:10:00.000,C4.5,0.0,42.48366,639.825
2011-12-28 03:58:20,eis_l0_20111228_035820.fits.gz,2011-12-28 03:30:00.000,2011-12-28 03:50:00.000,2011-12-28 04:10:00.000,C4.5,0.0,42.48366,639.825
2011-12-28 05:12:19,eis_l0_20111228_051219.fits.gz,2011-12-28 05:19:00.000,2011-12-28 05:28:00.000,2011-12-28 05:35:00.000,C2.6,0.0,42.64008,639.825
2011-12-29 13:34:58,eis_l0_20111229_133458.fits.gz,2011-12-29 13:40:00.000,2011-12-29 13:50:00.000,2011-12-29 14:01:00.000,M1.9,0.0,45.4128,600.0
2011-12-29 16:16:54,eis_l0_20111229_161654.fits.gz,2011-12-29 16:14:00.000,2011-12-29 16:21:00.000,2011-12-29 16:34:00.000,C2.8,-802.158,-411.168,324.825
2011-12-29 16:26:54,eis_l0_20111229_162654.fits.gz,2011-12-29 16:14:00.000,2011-12-29 16:21:00.000,2011-12-29 16:34:00.000,C2.8,-802.158,-411.168,324.825
2011-12-29 17:43:23,eis_l0_20111229_174323.fits.gz,2011-12-29 17:27:00.000,2011-12-29 17:32:00.000,2011-12-29 17:46:00.000,C2.9,-822.75,-429.6624,324.825
2011-12-29 18:13:22,eis_l0_20111229_181322.fits.gz,2011-12-29 18:13:00.000,2011-12-29 18:17:00.000,2011-12-29 18:23:00.000,C1.5,0.0,45.8007,324.825
2011-12-29 19:20:22,eis_l0_20111229_192022.fits.gz,2011-12-29 19:18:00.000,2011-12-29 19:25:00.000,2011-12-29 19:32:00.000,C2.3,-817.74,-428.9736,324.825
2011-12-29 19:30:23,eis_l0_20111229_193023.fits.gz,2011-12-29 19:18:00.000,2011-12-29 19:25:00.000,2011-12-29 19:32:00.000,C2.3,-817.74,-428.9736,324.825
2011-12-29 20:20:22,eis_l0_20111229_202022.fits.gz,2011-12-29 20:25:00.000,2011-12-29 20:32:00.000,2011-12-29 20:39:00.000,C2.3,0.0,45.98808,324.825
