study ID,eis filename time,GOES class,hpc x,hpc y,EIS xcen,EIS ycen,EIS fovx,EIS fovy,target,stud_acr,filename,EIS xmin,EIS xmax,EIS ymin,EIS ymax,Start Time_x,Peak Time_x,End Time_x,Start Time_y,Peak Time_y,End Time_y
404,2023-02-09 12:20:50,C8.4,226.11451458497723,592.6616308563374,236.60499572753903,583.7940063476562,119.80799865722656,160.0,Quiet Sun,Atlas_60,eis_20230209_122050.data.h5,176.70099639892575,296.50899505615234,503.79400634765625,663.7940063476562,2023-02-09 12:03:00.000,2023-02-09 12:20:00.000,2023-02-09 12:43:00.000,2023-02-09 12:03:00.000,2023-02-09 12:20:00.000,2023-02-09 12:43:00.000
404,2023-04-13 00:07:02,C4.0,40.69109639760138,-232.02158200937367,-14.057000160217283,-286.8659973144531,119.80799865722656,160.0,Quiet Sun,Atlas_60,eis_20230413_000702.data.h5,-73.96099948883057,45.846999168396,-366.8659973144531,-206.86599731445312,2023-04-13 00:24:00.000,2023-04-13 00:53:00.000,2023-04-13 01:03:00.000,2023-04-13 00:24:00.000,2023-04-13 00:53:00.000,2023-04-13 01:03:00.000
404,2023-05-10 14:07:44,M2.2,670.9421309091198,263.1904166353259,613.2529907226562,242.7530059814453,119.80799865722656,160.0,Quiet Sun,Atlas_60,eis_20230510_140744.data.h5,553.348991394043,673.1569900512695,162.7530059814453,322.7530059814453,2023-05-10 14:11:00.000,2023-05-10 14:21:00.000,2023-05-10 14:33:00.000,2023-05-10 14:11:00.000,2023-05-10 14:21:00.000,2023-05-10 14:33:00.000
404,2023-05-21 23:55:18,C8.2,-514.1258395654149,323.2526543541672,-561.0469970703125,304.9970092773437,119.80799865722656,160.0,Quiet Sun,Atlas_60,eis_20230521_235518.data.h5,-620.9509963989258,-501.1429977416992,224.9970092773437,384.9970092773437,2023-05-22 00:55:00.000,2023-05-22 01:08:00.000,2023-05-22 01:18:00.000,2023-05-22 00:55:00.000,2023-05-22 01:08:00.000,2023-05-22 01:18:00.000
404,2023-05-23 07:01:47,C2.3,-279.8064311123453,328.10461794034507,-329.031005859375,307.31500244140625,119.80799865722656,160.0,Quiet Sun,Atlas_60,eis_20230523_070147.data.h5,-388.9350051879883,-269.1270065307617,227.31500244140625,387.31500244140625,2023-05-23 06:55:00.000,2023-05-23 07:05:00.000,2023-05-23 07:09:00.000,2023-05-23 06:55:00.000,2023-05-23 07:05:00.000,2023-05-23 07:09:00.000
404,2023-05-24 19:12:41,C5.1,3.3208049530658608,366.9612524656091,-15.9822998046875,298.1310119628906,119.80799865722656,160.0,Quiet Sun,Atlas_60,eis_20230524_191241.data.h5,-75.88629913330078,43.92169952392578,218.13101196289065,378.1310119628906,2023-05-24 19:03:00.000,2023-05-24 19:10:00.000,2023-05-24 19:18:00.000,2023-05-24 19:03:00.000,2023-05-24 19:10:00.000,2023-05-24 19:18:00.000
404,2022-04-21 12:50:13,C5.4,-318.9837957895361,321.2502877945749,-304.6210021972656,345.4549865722656,119.80799865722656,160.0,Quiet Sun,Atlas_60,eis_20220421_125013.data.h5,-364.5250015258789,-244.71700286865232,265.4549865722656,425.4549865722656,2022-04-21 12:47:00.000,2022-04-21 12:55:00.000,2022-04-21 13:01:00.000,2022-04-21 12:47:00.000,2022-04-21 12:55:00.000,2022-04-21 13:01:00.000
404,2022-04-28 23:41:08,C1.2,908.0039008368018,230.5282144063528,868.9190063476562,268.8340148925781,119.80799865722656,160.0,Quiet Sun,Atlas_60,eis_20220428_234108.data.h5,809.015007019043,928.8230056762696,188.83401489257812,348.8340148925781,2022-04-28 23:45:00.000,2022-04-28 23:52:00.000,2022-04-29 00:05:00.000,2022-04-28 23:45:00.000,2022-04-28 23:52:00.000,2022-04-29 00:05:00.000
404,2022-05-26 12:24:42,C1.6,844.0220054400098,203.0781707547816,806.9000244140625,179.43800354003906,119.80799865722656,160.0,Quiet Sun,Atlas_60,eis_20220526_122442.data.h5,746.9960250854492,866.8040237426758,99.43800354003906,259.43800354003906,2022-05-26 13:08:00.000,2022-05-26 13:19:00.000,2022-05-26 13:25:00.000,2022-05-26 13:08:00.000,2022-05-26 13:19:00.000,2022-05-26 13:25:00.000
404,2022-07-24 14:21:13,B4.9,784.4464205134337,125.49206735205968,741.7930297851562,134.9149932861328,119.80799865722656,160.0,Quiet Sun,Atlas_60,eis_20220724_142113.data.h5,681.889030456543,801.6970291137695,54.91499328613281,214.9149932861328,2022-07-24 14:57:00.000,2022-07-24 15:02:00.000,2022-07-24 15:06:00.000,2022-07-24 14:57:00.000,2022-07-24 15:02:00.000,2022-07-24 15:06:00.000
404,2022-07-29 14:01:13,B2.3,-513.5316290000919,256.1199822455676,-518.0269775390625,226.72900390625,119.80799865722656,160.0,Quiet Sun,Atlas_60,eis_20220729_140113.data.h5,-577.9309768676758,-458.1229782104492,146.72900390625,306.72900390625,2022-07-29 13:52:00.000,2022-07-29 13:57:00.000,2022-07-29 14:05:00.000,2022-07-29 13:52:00.000,2022-07-29 13:57:00.000,2022-07-29 14:05:00.000
404,2022-10-02 11:03:20,C2.4,-836.2284397589974,335.5175271228481,-792.3040161132812,327.3190002441406,119.80799865722656,160.0,Quiet Sun,Atlas_60,eis_20221002_110320.data.h5,-852.2080154418945,-732.400016784668,247.31900024414065,407.3190002441406,2022-10-02 11:30:00.000,2022-10-02 11:39:00.000,2022-10-02 11:44:00.000,2022-10-02 11:30:00.000,2022-10-02 11:39:00.000,2022-10-02 11:44:00.000
404,2022-10-02 11:03:20,C3.0,-836.8343874984421,333.11834181439593,-792.3040161132812,327.3190002441406,119.80799865722656,160.0,Quiet Sun,Atlas_60,eis_20221002_110320.data.h5,-852.2080154418945,-732.400016784668,247.31900024414065,407.3190002441406,2022-10-02 11:30:00.000,2022-10-02 11:39:00.000,2022-10-02 11:44:00.000,2022-10-02 11:30:00.000,2022-10-02 11:39:00.000,2022-10-02 11:44:00.000
404,2020-04-09 08:38:43,B1.6,717.1008984305133,514.4546790076415,675.60400390625,499.9299926757813,119.80799865722656,160.0,Quiet Sun,Atlas_60,eis_20200409_083843.data.h5,615.7000045776367,735.5080032348633,419.9299926757813,579.9299926757812,2020-04-09 01:31:00.000,2020-04-09 09:32:00.000,2020-04-09 09:18:00.000,2020-04-09 01:31:00.000,2020-04-09 09:32:00.000,2020-04-09 09:18:00.000
404,2020-10-27 15:50:40,B7.9,367.2292459151116,-429.7643623236883,331.20098876953125,-444.8200073242188,119.80799865722656,160.0,Quiet Sun,Atlas_60,eis_20201027_155040.data.h5,271.29698944091797,391.1049880981446,-524.8200073242188,-364.8200073242188,2020-10-27 15:43:00.000,2020-10-27 15:54:00.000,2020-10-27 16:01:00.000,2020-10-27 15:43:00.000,2020-10-27 15:54:00.000,2020-10-27 16:01:00.000
404,2020-10-28 01:05:13,C1.1,461.8966961675679,-420.72374676283385,404.4200134277344,-421.1889953613281,119.80799865722656,160.0,Quiet Sun,Atlas_60,eis_20201028_010513.data.h5,344.5160140991211,464.32401275634766,-501.1889953613281,-341.1889953613281,2020-10-28 02:00:00.000,2020-10-28 02:11:00.000,2020-10-28 02:16:00.000,2020-10-28 02:00:00.000,2020-10-28 02:11:00.000,2020-10-28 02:16:00.000
404,2020-11-01 00:20:13,B1.9,910.2608093337376,-359.9663066270532,858.0089721679688,-293.1969909667969,119.80799865722656,160.0,Quiet Sun,Atlas_60,eis_20201101_002013.data.h5,798.1049728393555,917.912971496582,-373.1969909667969,-213.19699096679688,2020-11-01 00:45:00.000,2020-11-01 00:54:00.000,2020-11-01 01:00:00.000,2020-11-01 00:45:00.000,2020-11-01 00:54:00.000,2020-11-01 01:00:00.000
404,2020-11-05 22:28:13,C1.0,-669.2938252079766,-387.2756478407688,-647.0009765625,-427.0669860839844,119.80799865722656,160.0,Quiet Sun,Atlas_60,eis_20201105_222813.data.h5,-706.9049758911133,-587.0969772338867,-507.0669860839844,-347.0669860839844,2020-11-05 22:18:00.000,2020-11-05 22:23:00.000,2020-11-05 22:33:00.000,2020-11-05 22:18:00.000,2020-11-05 22:23:00.000,2020-11-05 22:33:00.000
404,2020-11-15 21:48:10,B2.1,903.6479593755683,-376.4458722723877,860.1300048828125,-348.3559875488281,119.80799865722656,160.0,Quiet Sun,Atlas_60,eis_20201115_214810.data.h5,800.2260055541992,920.0340042114258,-428.3559875488281,-268.3559875488281,2020-11-15 22:28:00.000,2020-11-15 22:37:00.000,2020-11-15 22:43:00.000,2020-11-15 22:28:00.000,2020-11-15 22:37:00.000,2020-11-15 22:43:00.000
404,2020-11-19 20:52:40,B2.0,507.1157892393472,-569.3427228619698,471.5799865722656,-539.0070190429688,119.80799865722656,160.0,Quiet Sun,Atlas_60,eis_20201119_205240.data.h5,411.67598724365234,531.4839859008789,-619.0070190429688,-459.0070190429687,2020-11-19 20:38:00.000,2020-11-19 21:06:00.000,2020-11-19 21:19:00.000,2020-11-19 20:38:00.000,2020-11-19 21:06:00.000,2020-11-19 21:19:00.000
404,2020-11-25 02:43:10,C3.4,-855.2207666558679,-299.0352147307295,-878.3930053710938,-322.33599853515625,119.80799865722656,160.0,Quiet Sun,Atlas_60,eis_20201125_024310.data.h5,-938.297004699707,-818.4890060424805,-402.33599853515625,-242.33599853515625,2020-11-25 03:47:00.000,2020-11-25 04:02:00.000,2020-11-25 04:21:00.000,2020-11-25 03:47:00.000,2020-11-25 04:02:00.000,2020-11-25 04:21:00.000
404,2021-08-24 12:48:00,B3.2,-594.0183147827629,201.50931912646885,-636.7269897460938,222.0529937744141,119.80799865722656,160.0,Quiet Sun,Atlas_60,eis_20210824_124800.data.h5,-696.630989074707,-576.8229904174805,142.0529937744141,302.05299377441406,2021-08-24 13:35:00.000,2021-08-24 13:45:00.000,2021-08-24 13:49:00.000,2021-08-24 13:35:00.000,2021-08-24 13:45:00.000,2021-08-24 13:49:00.000
404,2021-11-16 11:53:05,B1.4,675.5602219050927,404.8977630654673,656.7490234375,335.7590026855469,119.80799865722656,160.0,Quiet Sun,Atlas_60,eis_20211116_115305.data.h5,596.8450241088867,716.6530227661133,255.75900268554688,415.7590026855469,2021-11-16 12:07:00.000,2021-11-16 12:18:00.000,2021-11-16 12:23:00.000,2021-11-16 12:07:00.000,2021-11-16 12:18:00.000,2021-11-16 12:23:00.000
404,2018-06-17 14:33:11,B1.2,-133.58955811918713,57.9553930114615,-173.95199584960938,4.486040115356445,119.80799865722656,160.0,Quiet Sun,Atlas_60,eis_20180617_143311.data.h5,-233.85599517822263,-114.0479965209961,-75.51395988464355,84.48604011535645,2018-06-17 13:12:00.000,2018-06-17 14:29:00.000,2018-06-17 15:02:00.000,2018-06-17 13:12:00.000,2018-06-17 14:29:00.000,2018-06-17 15:02:00.000
403,2016-02-13 10:44:42,B8.5,419.5625554141818,335.5755937163832,401.1369934082031,292.1910095214844,119.80799865722656,160.0,Quiet Sun,Atlas_30,eis_20160213_104442.data.h5,341.23299407958984,461.0409927368164,212.1910095214844,372.1910095214844,2016-02-13 10:58:00.000,2016-02-13 11:01:00.000,2016-02-13 11:06:00.000,2016-02-13 10:58:00.000,2016-02-13 11:01:00.000,2016-02-13 11:06:00.000
403,2016-02-29 04:03:37,B6.9,53.90784390937903,-32.523403233387654,66.00389862060547,-10.387700080871582,119.80799865722656,160.0,Quiet Sun,Atlas_30,eis_20160229_040337.data.h5,6.0998992919921875,125.90789794921876,-90.38770008087158,69.61229991912842,2016-02-29 04:19:00.000,2016-02-29 04:30:00.000,2016-02-29 04:41:00.000,2016-02-29 04:19:00.000,2016-02-29 04:30:00.000,2016-02-29 04:41:00.000
404,2016-04-19 18:47:20,B4.3,893.3819101734259,248.33083568811028,911.7449951171876,191.50799560546875,119.80799865722656,160.0,Quiet Sun,Atlas_60,eis_20160419_184720.data.h5,851.8409957885743,971.6489944458008,111.50799560546876,271.50799560546875,2016-04-19 19:26:00.000,2016-04-19 19:34:00.000,2016-04-19 19:42:00.000,2016-04-19 19:26:00.000,2016-04-19 19:34:00.000,2016-04-19 19:42:00.000
404,2016-04-20 07:32:13,B4.7,914.9702884846104,242.28024319305,951.9310302734376,211.50799560546875,119.80799865722656,160.0,Quiet Sun,Atlas_60,eis_20160420_073213.data.h5,892.0270309448243,1011.8350296020508,131.50799560546875,291.50799560546875,2016-04-20 07:31:00.000,2016-04-20 07:41:00.000,2016-04-20 07:46:00.000,2016-04-20 07:31:00.000,2016-04-20 07:41:00.000,2016-04-20 07:46:00.000
404,2016-05-13 04:55:28,B3.1,576.7729596706444,190.83022127236976,611.3519897460938,189.677001953125,119.80799865722656,160.0,Quiet Sun,Atlas_60,eis_20160513_045528.data.h5,551.4479904174805,671.255989074707,109.677001953125,269.677001953125,2016-05-13 05:08:00.000,2016-05-13 05:09:00.000,2016-05-13 05:11:00.000,2016-05-13 05:08:00.000,2016-05-13 05:09:00.000,2016-05-13 05:11:00.000
404,2016-05-14 07:07:19,B7.6,751.0119812732403,172.8589431556815,765.4769897460938,170.86599731445312,119.80799865722656,160.0,Quiet Sun,Atlas_60,eis_20160514_070719.data.h5,705.5729904174805,825.380989074707,90.86599731445312,250.86599731445312,2016-05-14 07:44:00.000,2016-05-14 07:52:00.000,2016-05-14 07:58:00.000,2016-05-14 07:44:00.000,2016-05-14 07:52:00.000,2016-05-14 07:58:00.000
404,2016-05-20 00:50:51,B2.6,-127.52061825594863,-66.27603050989268,-75.61029815673828,-121.7689971923828,119.80799865722656,160.0,Quiet Sun,Atlas_60,eis_20160520_005051.data.h5,-135.51429748535156,-15.706298828125,-201.7689971923828,-41.7689971923828,2016-05-20 00:55:00.000,2016-05-20 00:59:00.000,2016-05-20 01:02:00.000,2016-05-20 00:55:00.000,2016-05-20 00:59:00.000,2016-05-20 01:02:00.000
403,2016-07-20 02:37:43,C1.6,473.4649406454794,-26.492045162640697,477.135009765625,-47.88100051879883,119.80799865722656,160.0,Quiet Sun,Atlas_30,eis_20160720_023743.data.h5,417.2310104370117,537.0390090942383,-127.88100051879884,32.11899948120117,2016-07-20 02:40:00.000,2016-07-20 02:49:00.000,2016-07-20 02:59:00.000,2016-07-20 02:40:00.000,2016-07-20 02:49:00.000,2016-07-20 02:59:00.000
404,2016-09-27 12:25:27,B2.5,673.7532843798335,-307.4932187224893,680.5910034179688,-342.1409912109375,119.80799865722656,160.0,Quiet Sun,Atlas_60,eis_20160927_122527.data.h5,620.6870040893555,740.495002746582,-422.1409912109375,-262.1409912109375,2016-09-27 12:49:00.000,2016-09-27 12:54:00.000,2016-09-27 12:58:00.000,2016-09-27 12:49:00.000,2016-09-27 12:54:00.000,2016-09-27 12:58:00.000
404,2016-10-14 11:05:26,B9.4,869.1024324706174,-250.9218088135568,825.4429931640625,-300.17999267578125,119.80799865722656,160.0,Quiet Sun,Atlas_60,eis_20161014_110526.data.h5,765.5389938354492,885.3469924926758,-380.1799926757813,-220.17999267578125,2016-10-14 11:19:00.000,2016-10-14 11:26:00.000,2016-10-14 11:33:00.000,2016-10-14 11:19:00.000,2016-10-14 11:26:00.000,2016-10-14 11:33:00.000
404,2016-11-30 14:07:02,C1.0,-665.1394828476477,-133.80016389826028,-693.8809814453125,-166.5050048828125,119.80799865722656,160.0,Quiet Sun,Atlas_60,eis_20161130_140702.data.h5,-753.7849807739258,-633.9769821166992,-246.5050048828125,-86.5050048828125,2016-11-30 15:00:00.000,2016-11-30 15:07:00.000,2016-11-30 15:11:00.000,2016-11-30 15:00:00.000,2016-11-30 15:07:00.000,2016-11-30 15:11:00.000
404,2017-04-22 14:03:42,B2.1,-334.46603611228056,292.0844813911482,-308.9179992675781,223.79200744628903,119.80799865722656,160.0,Quiet Sun,Atlas_60,eis_20170422_140342.data.h5,-368.8219985961914,-249.01399993896484,143.79200744628903,303.79200744628906,2017-04-22 14:52:00.000,2017-04-22 14:58:00.000,2017-04-22 15:01:00.000,2017-04-22 14:52:00.000,2017-04-22 14:58:00.000,2017-04-22 15:01:00.000
404,2017-05-28 00:23:17,B3.8,765.7632380239985,242.88366981038843,746.93798828125,163.71299743652344,119.80799865722656,160.0,Quiet Sun,Atlas_60,eis_20170528_002317.data.h5,687.0339889526367,806.8419876098633,83.71299743652344,243.71299743652344,2017-05-28 00:55:00.000,2017-05-28 01:00:00.000,2017-05-28 01:03:00.000,2017-05-28 00:55:00.000,2017-05-28 01:00:00.000,2017-05-28 01:03:00.000
403,2017-05-28 15:20:42,B3.0,835.3599089404296,236.7161752225876,816.0560302734375,159.6230010986328,119.80799865722656,160.0,Quiet Sun,Atlas_30,eis_20170528_152042.data.h5,756.1520309448242,875.9600296020508,79.62300109863281,239.6230010986328,2017-05-28 15:42:00.000,2017-05-28 15:52:00.000,2017-05-28 15:57:00.000,2017-05-28 15:42:00.000,2017-05-28 15:52:00.000,2017-05-28 15:57:00.000
404,2017-05-29 10:48:25,B2.3,902.5433558502638,225.15253382885592,880.7479858398438,155.9149932861328,119.80799865722656,160.0,Quiet Sun,Atlas_60,eis_20170529_104825.data.h5,820.8439865112305,940.651985168457,75.91499328613281,235.9149932861328,2017-05-29 11:35:00.000,2017-05-29 11:41:00.000,2017-05-29 11:47:00.000,2017-05-29 11:35:00.000,2017-05-29 11:41:00.000,2017-05-29 11:47:00.000
404,2015-05-10 13:09:33,C2.2,-296.54780578194186,270.9776586249295,-250.33999633789065,207.8730010986328,119.80799865722656,160.0,Quiet Sun,Atlas_60,eis_20150510_130933.data.h5,-310.2439956665039,-190.43599700927737,127.8730010986328,287.8730010986328,2015-05-10 12:45:00.000,2015-05-10 13:03:00.000,2015-05-10 13:23:00.000,2015-05-10 12:45:00.000,2015-05-10 13:03:00.000,2015-05-10 13:23:00.000
404,2015-06-21 02:08:34,M2.7,-246.41236079484224,149.40745471307824,-265.7080078125,214.8979949951172,119.80799865722656,160.0,Quiet Sun,Atlas_60,eis_20150621_020834.data.h5,-325.6120071411133,-205.80400848388672,134.8979949951172,294.8979949951172,2015-06-21 02:04:00.000,2015-06-21 02:34:00.000,2015-06-21 03:11:00.000,2015-06-21 02:04:00.000,2015-06-21 02:34:00.000,2015-06-21 03:11:00.000
404,2015-12-16 04:47:27,B7.0,6.081071733721684,-279.08394253468487,20.95949935913086,-227.6280059814453,119.80799865722656,160.0,Quiet Sun,Atlas_60,eis_20151216_044727.data.h5,-38.94449996948242,80.86349868774414,-307.6280059814453,-147.6280059814453,2015-12-16 05:44:00.000,2015-12-16 05:48:00.000,2015-12-16 05:53:00.000,2015-12-16 05:44:00.000,2015-12-16 05:48:00.000,2015-12-16 05:53:00.000
403,2014-01-08 12:01:32,C3.6,190.24960541523424,-91.313892835041,133.00999450683594,-93.35160064697266,119.80799865722656,160.0,Quiet Sun,Atlas_30,eis_20140108_120132.data.h5,73.10599517822266,192.9139938354492,-173.35160064697266,-13.351600646972656,2014-01-08 11:56:00.000,2014-01-08 12:04:00.000,2014-01-08 12:17:00.000,2014-01-08 11:56:00.000,2014-01-08 12:04:00.000,2014-01-08 12:17:00.000
403,2014-01-11 12:30:27,C6.5,692.6250751692701,-128.32185974786492,635.1370239257812,-108.7689971923828,119.80799865722656,160.0,Quiet Sun,Atlas_30,eis_20140111_123027.data.h5,575.233024597168,695.0410232543945,-188.7689971923828,-28.7689971923828,2014-01-11 13:00:00.000,2014-01-11 13:10:00.000,2014-01-11 13:22:00.000,2014-01-11 13:00:00.000,2014-01-11 13:10:00.000,2014-01-11 13:22:00.000
404,2014-08-07 03:09:13,B7.7,297.3592387988452,-392.6580562021467,289.5899963378906,-439.2799987792969,119.80799865722656,160.0,Quiet Sun,Atlas_60,eis_20140807_030913.data.h5,229.68599700927737,349.4939956665039,-519.2799987792969,-359.2799987792969,2014-08-07 03:05:00.000,2014-08-07 03:09:00.000,2014-08-07 03:17:00.000,2014-08-07 03:05:00.000,2014-08-07 03:09:00.000,2014-08-07 03:17:00.000
403,2014-08-15 02:27:25,B6.2,-466.3911544245202,175.75786324564618,-456.4620056152344,117.40699768066406,119.80799865722656,160.0,Quiet Sun,Atlas_30,eis_20140815_022725.data.h5,-516.3660049438477,-396.5580062866211,37.40699768066406,197.4069976806641,2014-08-15 02:34:00.000,2014-08-15 02:39:00.000,2014-08-15 02:47:00.000,2014-08-15 02:34:00.000,2014-08-15 02:39:00.000,2014-08-15 02:47:00.000
404,2011-03-19 15:34:09,B2.7,320.21186130693707,296.9031652435007,356.6090087890625,331.4330139160156,119.80799865722656,160.0,Quiet Sun,Atlas_60,eis_20110319_153409.data.h5,296.7050094604492,416.5130081176758,251.4330139160156,411.4330139160156,2011-03-19 16:21:00.000,2011-03-19 16:34:00.000,2011-03-19 16:52:00.000,2011-03-19 16:21:00.000,2011-03-19 16:34:00.000,2011-03-19 16:52:00.000
404,2011-04-11 13:23:00,B7.2,-502.1423765264917,297.17290806955776,-534.364990234375,301.614990234375,119.80799865722656,160.0,Quiet Sun,Atlas_60,eis_20110411_132300.data.h5,-594.2689895629883,-474.4609909057617,221.614990234375,381.614990234375,2011-04-11 12:49:00.000,2011-04-11 13:10:00.000,2011-04-11 13:26:00.000,2011-04-11 12:49:00.000,2011-04-11 13:10:00.000,2011-04-11 13:26:00.000
404,2011-04-15 02:30:26,B8.8,222.237960034194,317.0385804396353,198.8679962158203,304.39599609375,119.80799865722656,160.0,Quiet Sun,Atlas_60,eis_20110415_023026.data.h5,138.96399688720703,258.7719955444336,224.39599609375,384.39599609375,2011-04-15 02:43:00.000,2011-04-15 02:47:00.000,2011-04-15 02:52:00.000,2011-04-15 02:43:00.000,2011-04-15 02:47:00.000,2011-04-15 02:52:00.000
404,2011-07-11 00:29:26,B3.6,214.4748069982344,-361.7152961797584,236.6439971923828,-405.8179931640625,119.80799865722656,160.0,Quiet Sun,Atlas_60,eis_20110711_002926.data.h5,176.73999786376953,296.5479965209961,-485.8179931640625,-325.8179931640625,2011-07-11 01:12:00.000,2011-07-11 01:17:00.000,2011-07-11 01:20:00.000,2011-07-11 01:12:00.000,2011-07-11 01:17:00.000,2011-07-11 01:20:00.000
403,2013-01-12 19:08:20,C3.9,-286.55507345334627,141.53360942992597,-323.7860107421875,195.2969970703125,119.80799865722656,160.0,Quiet Sun,Atlas_30,eis_20130112_190820.data.h5,-383.6900100708008,-263.8820114135742,115.2969970703125,275.2969970703125,2013-01-12 19:26:00.000,2013-01-12 19:33:00.000,2013-01-12 19:38:00.000,2013-01-12 19:26:00.000,2013-01-12 19:33:00.000,2013-01-12 19:38:00.000
404,2013-08-02 10:48:10,B9.7,191.1786214665235,-343.9863568099749,140.58099365234375,-389.4419860839844,119.80799865722656,160.0,Quiet Sun,Atlas_60,eis_20130802_104810.data.h5,80.67699432373047,200.48499298095703,-469.4419860839844,-309.4419860839844,2013-08-02 11:08:00.000,2013-08-02 11:15:00.000,2013-08-02 11:24:00.000,2013-08-02 11:08:00.000,2013-08-02 11:15:00.000,2013-08-02 11:24:00.000
403,2013-12-28 10:38:41,C1.2,491.6499010615067,-295.9647374881515,439.6470031738281,-239.0410003662109,119.80799865722656,160.0,Quiet Sun,Atlas_30,eis_20131228_103841.data.h5,379.7430038452149,499.5510025024414,-319.04100036621094,-159.0410003662109,2013-12-28 11:00:00.000,2013-12-28 11:18:00.000,2013-12-28 11:32:00.000,2013-12-28 11:00:00.000,2013-12-28 11:18:00.000,2013-12-28 11:32:00.000
404,2012-06-13 11:05:35,M1.2,-323.55629584146664,-315.19855651292136,-345.7699890136719,-333.7460021972656,119.80799865722656,160.0,Quiet Sun,Atlas_60,eis_20120613_110535.data.h5,-405.6739883422851,-285.8659896850586,-413.7460021972656,-253.7460021972656,2012-06-13 11:29:00.000,2012-06-13 13:17:00.000,2012-06-13 14:31:00.000,2012-06-13 11:29:00.000,2012-06-13 13:17:00.000,2012-06-13 14:31:00.000
